skinName,minFloat,maxFloat,collection,grade,fnValue,mwValue,ftValue,wwValue,bsValue,fnValue_st,mwValue_st,ftValue_st,wwValue_st,bsValue_st
SG 553 | Tornado,0.06,0.8,ASSAULT,CONSUMER,56.061,12.477,9.482,9.343,9.972,0,0,0,0,0
UMP-45 | Caramel,0.06,0.8,ASSAULT,CONSUMER,55.36,12.933,11.531,11.072,18.519,0,0,0,0,0
Five-SeveN | Candy Apple,0.0,0.3,ASSAULT,INDUSTRIAL,77.844,70.74,0,0,0,0,0,0,0,0
AUG | Hot Rod,0.0,0.08,ASSAULT,MIL_SPEC,451.797,448.645,0,0,0,0,0,0,0,0
Negev | Anodized Navy,0.0,0.08,ASSAULT,MIL_SPEC,0,0,0,0,0,0,0,0,0,0
MP9 | Bulldozer,0.06,0.8,ASSAULT,RESTRICTED,0,168.182,0,53.901,63.853,0,0,0,0,0
Glock-18 | Fade,0.0,0.08,ASSAULT,RESTRICTED,1454.676,1364.138,0,0,0,0,0,0,0,0
Nova | Forest Leaves,0.06,0.8,AZTEC,CONSUMER,0,4.532,1.588,1.94,1.776,0,0,0,0,0
Five-SeveN | Jungle,0.06,0.8,AZTEC,CONSUMER,27.396,4.654,1.997,3.878,2.542,0,0,0,0,0
SSG 08 | Lichen Dashed,0.06,0.8,AZTEC,CONSUMER,34.936,5.01,1.486,2.746,1.231,0,0,0,0,0
AK-47 | Jungle Spray,0.06,0.8,AZTEC,INDUSTRIAL,114.924,14.464,4.539,5.33,4.21,0,0,0,0,0
M4A4 | Jungle Tiger,0.06,0.8,AZTEC,INDUSTRIAL,99.816,11.978,6.039,7.487,5.89,0,0,0,0,0
Tec-9 | Ossified,0.0,0.08,AZTEC,MIL_SPEC,1.16,4.105,0,0,0,0,0,0,0,0
G3SG1 | Contractor,0.06,0.8,BAGGAGE,CONSUMER,17.277,3.678,2.766,3.241,3.667,0,0,0,0,0
MP7 | Olive Plaid,0.0,0.58,BAGGAGE,CONSUMER,3.294,3.813,3.444,4.947,0,0,0,0,0,0
CZ75-Auto | Green Plaid,0.0,0.58,BAGGAGE,CONSUMER,6.852,3.26,3.737,5.42,4.981,0,0,0,0,0
MP9 | Green Plaid,0.0,0.58,BAGGAGE,CONSUMER,5.84,4.8,3.176,9.972,6.379,0,0,0,0,0
SSG 08 | Sand Dune,0.06,0.8,BAGGAGE,CONSUMER,0,9.834,2.629,4.881,3.971,0,0,0,0,0
SG 553 | Traveler,0.0,1.0,BAGGAGE,INDUSTRIAL,15.771,12.068,12.467,11.564,13.965,0,0,0,0,0
P90 | Leather,0.0,1.0,BAGGAGE,INDUSTRIAL,21.777,9.563,12.967,9.31,9.653,0,0,0,0,0
MAC-10 | Commuter,0.0,1.0,BAGGAGE,INDUSTRIAL,0,10.39,8.642,0,14.941,0,0,0,0,0
P2000 | Coach Class,0.0,1.0,BAGGAGE,INDUSTRIAL,21.014,11.68,19.954,14.963,11.479,0,0,0,0,0
Sawed-Off | First Class,0.0,0.5,BAGGAGE,MIL_SPEC,42.812,0,0,0,0,0,0,0,0,0
USP-S | Business Class,0.0,1.0,BAGGAGE,MIL_SPEC,48.029,32.279,37.373,26.489,26.61,0,0,0,0,0
XM1014 | Red Leather,0.0,0.56,BAGGAGE,MIL_SPEC,0,38.121,0,44.849,76.31,0,0,0,0,0
AK-47 | First Class,0.0,1.0,BAGGAGE,RESTRICTED,163.598,118.75,73.549,62.499,62.375,0,0,0,0,0
Desert Eagle | Pilot,0.0,1.0,BAGGAGE,RESTRICTED,158.348,107.45,75.85,63.882,63.637,0,0,0,0,0
AK-47 | Jet Set,0.0,1.0,BAGGAGE,CLASSIFIED,868.396,689.283,498.789,0,274.493,0,0,0,0,0
Tec-9 | Urban DDPAT,0.06,0.8,BANK,CONSUMER,0.127,0.01,0.007,0.008,0.008,0,0,0,0,0
SG 553 | Army Sheen,0.0,0.3,BANK,CONSUMER,0.017,0.01,0.009,0,0,0,0,0,0,0
Sawed-Off | Forest DDPAT,0.06,0.8,BANK,CONSUMER,0.051,0.007,0.007,0.007,0.006,0,0,0,0,0
Negev | Army Sheen,0.0,0.3,BANK,CONSUMER,0.018,0.012,0.009,0,0,0,0,0,0,0
MP7 | Forest DDPAT,0.06,0.8,BANK,CONSUMER,0.047,0.009,0.007,0.008,0.008,0,0,0,0,0
R8 Revolver | Bone Mask,0.06,0.8,BANK,CONSUMER,0.095,0.01,0.008,0.01,0.01,0,0,0,0,0
UMP-45 | Carbon Fiber,0.0,0.12,BANK,INDUSTRIAL,0.093,0.079,0,0,0,0,0,0,0,0
Nova | Caged Steel,0.0,0.2,BANK,INDUSTRIAL,0.093,0.068,0.072,0,0,0,0,0,0,0
MAC-10 | Silver,0.0,0.08,BANK,INDUSTRIAL,0.084,0.093,0,0,0,0,0,0,0,0
Glock-18 | Death Rattle,0.08,0.5,BANK,INDUSTRIAL,0,0.084,0.047,0.065,0.072,0,0,0,0,0
G3SG1 | Green Apple,0.0,0.3,BANK,INDUSTRIAL,0.084,0.065,0.064,0,0,0,0,0,0,0
Galil AR | Tuxedo,0.0,0.8,BANK,MIL_SPEC,0.952,0.575,0.286,0.292,0.28,0,0,0,0,0
Desert Eagle | Meteorite,0.0,0.18,BANK,MIL_SPEC,0.838,0.712,0.709,0,0,0,0,0,0,0
CZ75-Auto | Tuxedo,0.0,0.8,BANK,MIL_SPEC,0.826,0.57,0.29,0.269,0.231,0,0,0,0,0
AK-47 | Emerald Pinstripe,0.0,1.0,BANK,RESTRICTED,8.223,3.8,2.486,1.719,1.737,0,0,0,0,0
P250 | Franklin,0.0,0.4,BANK,CLASSIFIED,1.151,0.681,0.449,1.228,0,0,0,0,0,0
Negev | Nuclear Waste,0.0,0.4,CACHE,INDUSTRIAL,2.619,2.191,2.019,1.904,0,0,0,0,0,0
P250 | Contamination,0.0,0.83,CACHE,INDUSTRIAL,4.308,2.115,1.843,4.439,1.938,0,0,0,0,0
AUG | Radiation Hazard,0.0,0.55,CACHE,INDUSTRIAL,2.271,1.808,2.216,2.114,2.055,0,0,0,0,0
PP-Bizon | Chemical Green,0.0,0.9,CACHE,INDUSTRIAL,4.649,2.196,1.86,2.358,1.383,0,0,0,0,0
SG 553 | Fallout Warning,0.0,0.8,CACHE,INDUSTRIAL,2.985,2.696,2.386,2.944,2.548,0,0,0,0,0
Five-SeveN | Hot Shot,0.0,1.0,CACHE,INDUSTRIAL,12.147,3.765,2.43,2.211,2.243,0,0,0,0,0
Glock-18 | Reactor,0.0,1.0,CACHE,MIL_SPEC,9.483,5.926,4.867,3.931,3.672,0,0,0,0,0
MP9 | Setting Sun,0.0,1.0,CACHE,MIL_SPEC,10.581,6.352,6.468,4.706,4.864,0,0,0,0,0
XM1014 | Bone Machine,0.0,0.6,CACHE,MIL_SPEC,8.015,6.523,5.719,5.859,5.631,0,0,0,0,0
MAC-10 | Nuclear Garden,0.0,0.7,CACHE,MIL_SPEC,8.683,6.887,5.046,5.513,5.101,0,0,0,0,0
Tec-9 | Toxic,0.0,0.7,CACHE,MIL_SPEC,6.784,5.857,5.69,9.33,5.83,0,0,0,0,0
FAMAS | Styx,0.0,0.6,CACHE,RESTRICTED,6.688,4.572,1.794,0,2.207,0,0,0,0,0
Galil AR | Cerberus,0.0,0.9,CACHE,RESTRICTED,57.462,40.177,16.372,11.857,10.564,0,0,0,0,0
P90 | Storm,0.06,0.8,COBBLESTONE,CONSUMER,0,3.544,3.166,3.541,3.208,0,0,0,0,0
UMP-45 | Indigo,0.06,0.8,COBBLESTONE,CONSUMER,20.532,3.514,3.025,4.103,3.165,0,0,0,0,0
MAC-10 | Indigo,0.06,0.8,COBBLESTONE,CONSUMER,20.762,3.447,3.264,4.008,4.045,0,0,0,0,0
SCAR-20 | Storm,0.06,0.8,COBBLESTONE,CONSUMER,0,4.093,2.963,3.09,3.627,0,0,0,0,0
Dual Berettas | Briar,0.0,0.22,COBBLESTONE,CONSUMER,5.339,3.728,4.056,0,0,0,0,0,0,0
USP-S | Royal Blue,0.06,0.8,COBBLESTONE,INDUSTRIAL,65.539,18.965,18.434,17.936,22.425,0,0,0,0,0
Nova | Green Apple,0.0,0.3,COBBLESTONE,INDUSTRIAL,17.674,17.224,32.974,0,0,0,0,0,0,0
MAG-7 | Silver,0.0,0.08,COBBLESTONE,INDUSTRIAL,37.364,0,0,0,0,0,0,0,0,0
Sawed-Off | Rust Coat,0.0,0.8,COBBLESTONE,INDUSTRIAL,0,17.053,0,0,14.863,0,0,0,0,0
P2000 | Chainmail,0.0,0.22,COBBLESTONE,MIL_SPEC,118.101,0,0,0,0,0,0,0,0,0
MP9 | Dark Age,0.0,0.22,COBBLESTONE,MIL_SPEC,116.802,109.318,0,0,0,0,0,0,0,0
Desert Eagle | Hand Cannon,0.01,0.7,COBBLESTONE,RESTRICTED,482.12,430.256,499.078,0,0,0,0,0,0,0
CZ75-Auto | Chalice,0.0,0.1,COBBLESTONE,RESTRICTED,419.226,0,0,0,0,0,0,0,0,0
M4A1-S | Knight,0.0,0.1,COBBLESTONE,CLASSIFIED,3078.409,2896.458,0,0,0,0,0,0,0,0
AWP | Dragon Lore,0.0,0.7,COBBLESTONE,COVERT,12327.227,9757.895,6517.029,5226.245,4351.971,0,0,0,0,0
M4A4 | Desert Storm,0.06,0.8,DUST,INDUSTRIAL,42.921,16.112,16.615,14.851,14.893,0,0,0,0,0
SCAR-20 | Palm,0.06,0.8,DUST,INDUSTRIAL,54.969,16.697,16.821,17.257,16.819,0,0,0,0,0
AK-47 | Predator,0.06,0.8,DUST,INDUSTRIAL,62.884,17.772,15.299,16.796,16.66,0,0,0,0,0
AWP | Snake Camo,0.06,0.8,DUST,MIL_SPEC,222.514,98.763,102.777,80.354,88.259,0,0,0,0,0
AUG | Copperhead,0.12,0.38,DUST,MIL_SPEC,0,105.695,0,0,0,0,0,0,0,0
Sawed-Off | Copper,0.0,1.0,DUST,MIL_SPEC,0,89.835,71.135,0,0,0,0,0,0,0
Desert Eagle | Blaze,0.0,0.08,DUST,RESTRICTED,546.589,650.201,0,0,0,0,0,0,0,0
P2000 | Scorpion,0.0,0.08,DUST,RESTRICTED,5.552,13.043,0,0,0,0,0,0,0,0
Glock-18 | Brass,0.0,1.0,DUST,RESTRICTED,82.116,43.246,17.71,12.877,12.949,0,0,0,0,0
Nova | Predator,0.06,0.8,DUST_2,CONSUMER,0.079,0.007,0.005,0.005,0.005,0,0,0,0,0
MP9 | Sand Dashed,0.06,0.8,DUST_2,CONSUMER,0.072,0.01,0.005,0.005,0.005,0,0,0,0,0
P90 | Sand Spray,0.06,0.8,DUST_2,CONSUMER,0.1,0.006,0.005,0.005,0.005,0,0,0,0,0
SCAR-20 | Sand Mesh,0.06,0.8,DUST_2,CONSUMER,0.047,0.007,0.005,0.005,0.005,0,0,0,0,0
P250 | Sand Dune,0.06,0.8,DUST_2,CONSUMER,0.233,0.01,0.005,0.01,0.005,0,0,0,0,0
G3SG1 | Desert Storm,0.06,0.8,DUST_2,CONSUMER,0.055,0.011,0.005,0.005,0.005,0,0,0,0,0
Tec-9 | VariCamo,0.0,0.6,DUST_2,INDUSTRIAL,0.092,0.074,0.046,0.046,0.045,0,0,0,0,0
MAC-10 | Palm,0.06,0.8,DUST_2,INDUSTRIAL,0.131,0.071,0.047,0.047,0.047,0,0,0,0,0
Five-SeveN | Orange Peel,0.06,0.8,DUST_2,INDUSTRIAL,0.203,0.074,0.064,0.055,0.028,0,0,0,0,0
AK-47 | Safari Mesh,0.06,0.8,DUST_2,INDUSTRIAL,1.722,0.13,0.06,0.056,0.057,0,0,0,0,0
Sawed-Off | Snake Camo,0.06,0.8,DUST_2,INDUSTRIAL,0.119,0.098,0.044,0.044,0.033,0,0,0,0,0
M4A1-S | VariCamo,0.0,0.6,DUST_2,MIL_SPEC,0.838,0.767,0.514,0.436,0.475,0,0,0,0,0
PP-Bizon | Brass,0.0,1.0,DUST_2,MIL_SPEC,1.082,0.747,0.451,0.276,0.225,0,0,0,0,0
SG 553 | Damascus Steel,0.0,1.0,DUST_2,MIL_SPEC,1.049,0.767,0.449,0.27,0.227,0,0,0,0,0
P2000 | Amber Fade,0.0,0.4,DUST_2,RESTRICTED,7.137,3.793,2.365,2.575,0,0,0,0,0,0
R8 Revolver | Amber Fade,0.0,0.4,DUST_2,CLASSIFIED,0.622,0.409,0.385,1.664,0,0,0,0,0,0
MAG-7 | Sand Dune,0.06,0.8,INFERNO,CONSUMER,21.545,4.633,2.277,0,1.999,0,0,0,0,0
Nova | Walnut,0.06,0.8,INFERNO,CONSUMER,23.864,3.777,1.847,2.336,1.809,0,0,0,0,0
P250 | Gunsmoke,0.06,0.8,INFERNO,INDUSTRIAL,35.485,4.485,3.117,3.893,3.084,0,0,0,0,0
M4A4 | Tornado,0.06,0.8,INFERNO,INDUSTRIAL,155.979,16.1,4.379,4.991,4.155,0,0,0,0,0
Dual Berettas | Anodized Navy,0.0,0.08,INFERNO,MIL_SPEC,2.246,0,0,0,0,0,0,0,0,0
Tec-9 | Brass,0.0,1.0,INFERNO,MIL_SPEC,44.918,9.094,3.194,2.217,2.136,0,0,0,0,0
PP-Bizon | Sand Dashed,0.06,0.8,ITALY,CONSUMER,0.065,0.005,0.005,0.005,0.005,0,0,0,0,0
Nova | Sand Dune,0.06,0.8,ITALY,CONSUMER,0.101,0.007,0.009,0.005,0.005,0,0,0,0,0
FAMAS | Colony,0.06,0.8,ITALY,CONSUMER,0.082,0.008,0.005,0.005,0.005,0,0,0,0,0
AUG | Contractor,0.06,0.8,ITALY,CONSUMER,0.055,0.005,0.005,0.005,0.005,0,0,0,0,0
Tec-9 | Groundwater,0.06,0.8,ITALY,CONSUMER,0.112,0.005,0.005,0.006,0.005,0,0,0,0,0
Nova | Candy Apple,0.0,0.3,ITALY,INDUSTRIAL,0.057,0.047,0.047,0,0,0,0,0,0,0
Dual Berettas | Stained,0.0,1.0,ITALY,INDUSTRIAL,0.145,0.057,0.038,0.038,0.04,0,0,0,0,0
P2000 | Granite Marbleized,0.06,0.8,ITALY,INDUSTRIAL,0.159,0.057,0.026,0.03,0.027,0,0,0,0,0
UMP-45 | Gunsmoke,0.06,0.8,ITALY,INDUSTRIAL,0.141,0.045,0.029,0.027,0.027,0,0,0,0,0
M4A1-S | Boreal Forest,0.06,0.8,ITALY,INDUSTRIAL,1.509,0.075,0.036,0.047,0.045,0,0,0,0,0
XM1014 | CaliCamo,0.0,0.6,ITALY,INDUSTRIAL,0.056,0.043,0.029,0.037,0.029,0,0,0,0,0
MP7 | Anodized Navy,0.0,0.08,ITALY,MIL_SPEC,0.384,0.295,0,0,0,0,0,0,0,0
Glock-18 | Candy Apple,0.0,0.3,ITALY,MIL_SPEC,0.419,0.233,0.191,0,0,0,0,0,0,0
Sawed-Off | Full Stop,0.0,0.6,ITALY,MIL_SPEC,0.379,0.214,0.149,0.151,0.15,0,0,0,0,0
AWP | Pit Viper,0.08,0.5,ITALY,RESTRICTED,0,0.375,0.185,0.25,0.206,0,0,0,0,0
G3SG1 | Jungle Dashed,0.06,0.8,LAKE,CONSUMER,0.053,0.01,0.005,0.005,0.005,0,0,0,0,0
SG 553 | Waves Perforated,0.06,0.8,LAKE,CONSUMER,0.047,0.006,0.005,0.005,0.005,0,0,0,0,0
Galil AR | Sage Spray,0.06,0.8,LAKE,CONSUMER,0.107,0.01,0.005,0.01,0.005,0,0,0,0,0
AUG | Storm,0.06,0.8,LAKE,CONSUMER,0.367,0.007,0.005,0.005,0.005,0,0,0,0,0
XM1014 | Blue Spruce,0.06,0.8,LAKE,CONSUMER,0.122,0.005,0.005,0.005,0.005,0,0,0,0,0
P250 | Boreal Forest,0.06,0.8,LAKE,CONSUMER,0.074,0.01,0.005,0.007,0.005,0,0,0,0,0
XM1014 | Blue Steel,0.0,1.0,LAKE,INDUSTRIAL,0.106,0.031,0.026,0.029,0.029,0,0,0,0,0
FAMAS | Cyanospatter,0.06,0.8,LAKE,INDUSTRIAL,0.47,0.046,0.027,0.032,0.029,0,0,0,0,0
PP-Bizon | Night Ops,0.0,0.6,LAKE,INDUSTRIAL,0.055,0.044,0.023,0.05,0.03,0,0,0,0,0
AWP | Safari Mesh,0.06,0.8,LAKE,INDUSTRIAL,0.994,0.048,0.031,0.097,0.058,0,0,0,0,0
Desert Eagle | Mudder,0.06,0.8,LAKE,INDUSTRIAL,0.412,0.053,0.028,0.037,0.057,0,0,0,0,0
SG 553 | Anodized Navy,0.0,0.08,LAKE,MIL_SPEC,0.382,0.425,0,0,0,0,0,0,0,0
P90 | Teardown,0.0,0.6,LAKE,MIL_SPEC,0.394,0.228,0.14,0.131,0.14,0,0,0,0,0
USP-S | Night Ops,0.0,0.6,LAKE,MIL_SPEC,0.401,0.248,0.158,0.16,0.161,0,0,0,0,0
Dual Berettas | Cobalt Quartz,0.0,0.4,LAKE,RESTRICTED,0.143,0.184,0.069,0.161,0,0,0,0,0,0
XM1014 | Grassland,0.06,0.8,MILITIA,CONSUMER,0,3.075,1.667,1.879,1.847,0,0,0,0,0
MAC-10 | Tornado,0.06,0.8,MILITIA,CONSUMER,0,4.759,1.925,0,1.774,0,0,0,0,0
PP-Bizon | Forest Leaves,0.06,0.8,MILITIA,CONSUMER,0,3.753,2.745,2.643,2.851,0,0,0,0,0
P2000 | Grassland Leaves,0.06,0.8,MILITIA,INDUSTRIAL,0,15.603,29.763,0,0,0,0,0,0,0
Nova | Modern Hunter,0.06,0.8,MILITIA,MIL_SPEC,0,0,14.462,0,27.818,0,0,0,0,0
Nova | Blaze Orange,0.06,0.8,MILITIA,MIL_SPEC,0,30.104,12.586,13.965,12.867,0,0,0,0,0
P250 | Modern Hunter,0.06,0.8,MILITIA,MIL_SPEC,0,27.639,12.467,13.466,15.262,0,0,0,0,0
XM1014 | Blaze Orange,0.06,0.8,MILITIA,MIL_SPEC,0,0,14.949,16.969,28.947,0,0,0,0,0
PP-Bizon | Modern Hunter,0.06,0.8,MILITIA,MIL_SPEC,0,24.717,0,12.967,0,0,0,0,0,0
M4A4 | Modern Hunter,0.06,0.8,MILITIA,RESTRICTED,0,0,22.369,27.534,37.365,0,0,0,0,0
SCAR-20 | Splash Jam,0.06,0.8,MILITIA,CLASSIFIED,1868.683,36.283,6.995,7.177,6.888,0,0,0,0,0
Galil AR | Hunting Blind,0.0,0.6,MIRAGE,CONSUMER,6.111,4.482,3.079,3.973,3.993,0,0,0,0,0
P90 | Scorched,0.06,0.8,MIRAGE,CONSUMER,20.523,2.837,2.517,2.903,3.479,0,0,0,0,0
G3SG1 | Safari Mesh,0.06,0.8,MIRAGE,CONSUMER,0,3.784,2.385,2.895,3.644,0,0,0,0,0
AUG | Colony,0.06,0.8,MIRAGE,CONSUMER,10.371,2.607,4.991,6.763,0,0,0,0,0,0
Five-SeveN | Contractor,0.06,0.8,MIRAGE,CONSUMER,15.95,3.474,2.486,3.063,2.944,0,0,0,0,0
P250 | Bone Mask,0.06,0.8,MIRAGE,CONSUMER,7.466,3.594,2.682,3.238,2.646,0,0,0,0,0
MP7 | Orange Peel,0.06,0.8,MIRAGE,INDUSTRIAL,0,0,14.089,14.847,0,0,0,0,0,0
Glock-18 | Groundwater,0.06,0.8,MIRAGE,INDUSTRIAL,0,14.409,10.98,12.784,10.994,0,0,0,0,0
SG 553 | Gator Mesh,0.0,0.6,MIRAGE,INDUSTRIAL,21.593,0,13.447,27.939,19.954,0,0,0,0,0
SSG 08 | Tropical Storm,0.06,0.8,MIRAGE,INDUSTRIAL,41.913,0,11.925,0,20.553,0,0,0,0,0
Negev | CaliCamo,0.0,0.6,MIRAGE,INDUSTRIAL,26.442,0,0,67.0,0,0,0,0,0,0
MP9 | Hot Rod,0.0,0.08,MIRAGE,MIL_SPEC,110.076,133.2,0,0,0,0,0,0,0,0
UMP-45 | Blaze,0.0,0.08,MIRAGE,MIL_SPEC,16.536,27.899,0,0,0,0,0,0,0,0
MAC-10 | Amber Fade,0.0,0.4,MIRAGE,MIL_SPEC,16.972,17.758,18.863,0,0,0,0,0,0,0
MAG-7 | Bulldozer,0.06,0.8,MIRAGE,RESTRICTED,164.696,16.47,5.652,6.294,5.097,0,0,0,0,0
MAG-7 | Irradiated Alert,0.06,0.8,NUKE,CONSUMER,28.703,5.085,3.245,2.975,2.995,0,0,0,0,0
Sawed-Off | Irradiated Alert,0.06,0.8,NUKE,CONSUMER,23.805,6.793,3.324,3.699,3.644,0,0,0,0,0
PP-Bizon | Irradiated Alert,0.06,0.8,NUKE,CONSUMER,19.324,6.978,3.654,4.981,4.981,0,0,0,0,0
P90 | Fallout Warning,0.06,0.8,NUKE,INDUSTRIAL,299.447,0,8.372,11.968,0,0,0,0,0,0
UMP-45 | Fallout Warning,0.06,0.8,NUKE,INDUSTRIAL,64.871,31.886,7.549,8.772,9.525,0,0,0,0,0
XM1014 | Fallout Warning,0.06,0.8,NUKE,INDUSTRIAL,0,0,8.111,6.823,6.758,0,0,0,0,0
M4A4 | Radiation Hazard,0.06,0.8,NUKE,MIL_SPEC,0,73.701,21.975,22.549,18.955,0,0,0,0,0
P250 | Nuclear Threat,0.06,0.8,NUKE,RESTRICTED,0,98.718,26.452,32.59,32.04,0,0,0,0,0
Tec-9 | Nuclear Threat,0.06,0.8,NUKE,RESTRICTED,0,165.056,34.571,34.816,34.495,0,0,0,0,0
FAMAS | Contrast Spray,0.06,0.8,OFFICE,CONSUMER,0,6.489,4.245,3.261,3.152,0,0,0,0,0
Galil AR | Winter Forest,0.06,0.8,OFFICE,INDUSTRIAL,0,28.152,9.905,16.959,9.972,0,0,0,0,0
G3SG1 | Arctic Camo,0.06,0.8,OFFICE,INDUSTRIAL,87.305,0,7.288,8.223,6.417,0,0,0,0,0
M249 | Blizzard Marbleized,0.06,0.8,OFFICE,INDUSTRIAL,0,14.865,9.653,11.213,8.827,0,0,0,0,0
P2000 | Silver,0.0,0.08,OFFICE,MIL_SPEC,34.13,64.282,0,0,0,0,0,0,0,0
MP7 | Whiteout,0.06,0.8,OFFICE,MIL_SPEC,637.165,61.667,10.975,11.978,11.212,0,0,0,0,0
Sawed-Off | Sage Spray,0.06,0.8,OVERPASS,CONSUMER,0,1.071,0.549,0.374,0.401,0,0,0,0,0
UMP-45 | Scorched,0.06,0.8,OVERPASS,CONSUMER,8.485,1.122,0.386,0.497,0.392,0,0,0,0,0
M249 | Contrast Spray,0.06,0.8,OVERPASS,CONSUMER,7.475,1.165,0.393,0.426,0.384,0,0,0,0,0
MAG-7 | Storm,0.06,0.8,OVERPASS,CONSUMER,15.212,1.647,0.401,0.808,0.621,0,0,0,0,0
MP9 | Storm,0.06,0.8,OVERPASS,CONSUMER,45.22,3.476,0.776,0.615,0.664,0,0,0,0,0
Desert Eagle | Urban DDPAT,0.06,0.8,OVERPASS,INDUSTRIAL,15.861,2.606,2.847,2.657,2.372,0,0,0,0,0
MP7 | Gunsmoke,0.06,0.8,OVERPASS,INDUSTRIAL,15.472,2.89,2.48,2.587,2.448,0,0,0,0,0
Glock-18 | Night,0.06,0.8,OVERPASS,INDUSTRIAL,92.499,3.715,3.583,3.495,3.551,0,0,0,0,0
P2000 | Grassland,0.06,0.8,OVERPASS,INDUSTRIAL,0,3.149,2.067,2.416,3.114,0,0,0,0,0
CZ75-Auto | Nitro,0.06,0.8,OVERPASS,MIL_SPEC,0,9.647,8.143,19.931,9.267,0,0,0,0,0
SSG 08 | Detour,0.0,0.43,OVERPASS,MIL_SPEC,17.494,10.92,10.538,21.303,0,0,0,0,0,0
XM1014 | VariCamo Blue,0.0,0.5,OVERPASS,MIL_SPEC,16.47,12.447,18.955,23.956,0,0,0,0,0,0
AWP | Pink DDPAT,0.06,0.8,OVERPASS,RESTRICTED,115.137,36.459,22.331,22.06,22.477,0,0,0,0,0
USP-S | Road Rash,0.0,1.0,OVERPASS,RESTRICTED,59.89,41.34,22.624,21.398,23.352,0,0,0,0,0
M4A1-S | Master Piece,0.0,1.0,OVERPASS,CLASSIFIED,420.454,220.069,142.01,92.558,77.607,0,0,0,0,0
Dual Berettas | Contractor,0.06,0.8,SAFEHOUSE,CONSUMER,0.196,0.006,0.005,0.008,0.005,0,0,0,0,0
MP7 | Army Recon,0.06,0.8,SAFEHOUSE,CONSUMER,0.038,0.005,0.005,0.005,0.005,0,0,0,0,0
Tec-9 | Army Mesh,0.0,0.6,SAFEHOUSE,CONSUMER,0.017,0.005,0.005,0.01,0.005,0,0,0,0,0
SSG 08 | Blue Spruce,0.06,0.8,SAFEHOUSE,CONSUMER,0.141,0.01,0.005,0.005,0.007,0,0,0,0,0
SCAR-20 | Contractor,0.06,0.8,SAFEHOUSE,CONSUMER,0.046,0.005,0.005,0.005,0.005,0,0,0,0,0
MP9 | Orange Peel,0.06,0.8,SAFEHOUSE,INDUSTRIAL,0.214,0.056,0.038,0.046,0.037,0,0,0,0,0
AUG | Condemned,0.06,0.8,SAFEHOUSE,INDUSTRIAL,0.149,0.056,0.033,0.036,0.056,0,0,0,0,0
USP-S | Forest Leaves,0.06,0.8,SAFEHOUSE,INDUSTRIAL,0.572,0.067,0.055,0.055,0.04,0,0,0,0,0
Galil AR | VariCamo,0.0,0.6,SAFEHOUSE,INDUSTRIAL,0.075,0.055,0.035,0.057,0.057,0,0,0,0,0
M249 | Gator Mesh,0.0,0.6,SAFEHOUSE,INDUSTRIAL,0.072,0.047,0.036,0.039,0.048,0,0,0,0,0
G3SG1 | VariCamo,0.0,0.6,SAFEHOUSE,INDUSTRIAL,0.064,0.046,0.032,0.038,0.044,0,0,0,0,0
FAMAS | Teardown,0.0,0.6,SAFEHOUSE,MIL_SPEC,0.417,0.299,0.176,0.168,0.158,0,0,0,0,0
Five-SeveN | Silver Quartz,0.0,0.4,SAFEHOUSE,MIL_SPEC,0.403,0.254,0.15,0.194,0,0,0,0,0,0
SSG 08 | Acid Fade,0.0,0.03,SAFEHOUSE,MIL_SPEC,0.736,0,0,0,0,0,0,0,0,0
M4A1-S | Nitro,0.06,0.8,SAFEHOUSE,RESTRICTED,4.072,1.168,0.366,0.373,0.285,0,0,0,0,0
PP-Bizon | Urban Dashed,0.06,0.8,TRAIN,CONSUMER,0.055,0.01,0.008,0.009,0.005,0,0,0,0,0
Nova | Polar Mesh,0.06,0.8,TRAIN,CONSUMER,0.057,0.009,0.007,0.013,0.007,0,0,0,0,0
Five-SeveN | Forest Night,0.06,0.8,TRAIN,CONSUMER,0.064,0.018,0.007,0.009,0.005,0,0,0,0,0
G3SG1 | Polar Camo,0.06,0.8,TRAIN,CONSUMER,0.093,0.01,0.007,0.008,0.005,0,0,0,0,0
Dual Berettas | Colony,0.06,0.8,TRAIN,CONSUMER,0.072,0.009,0.007,0.009,0.005,0,0,0,0,0
UMP-45 | Urban DDPAT,0.06,0.8,TRAIN,CONSUMER,0.065,0.008,0.008,0.008,0.006,0,0,0,0,0
M4A4 | Urban DDPAT,0.06,0.8,TRAIN,INDUSTRIAL,2.14,0.14,0.065,0.055,0.04,0,0,0,0,0
MAC-10 | Candy Apple,0.0,0.3,TRAIN,INDUSTRIAL,0.105,0.073,0.055,0,0,0,0,0,0,0
P90 | Ash Wood,0.0,0.45,TRAIN,INDUSTRIAL,0.088,0.062,0.061,0.045,0,0,0,0,0,0
SCAR-20 | Carbon Fiber,0.0,0.12,TRAIN,INDUSTRIAL,0.092,0.112,0,0,0,0,0,0,0,0
MAG-7 | Metallic DDPAT,0.0,0.08,TRAIN,INDUSTRIAL,0.092,0.12,0,0,0,0,0,0,0,0
P250 | Metallic DDPAT,0.0,0.08,TRAIN,INDUSTRIAL,0.093,0.105,0,0,0,0,0,0,0,0
Sawed-Off | Amber Fade,0.0,0.4,TRAIN,MIL_SPEC,0.387,0.231,0.148,0.154,0,0,0,0,0,0
Desert Eagle | Urban Rubble,0.0,0.5,TRAIN,MIL_SPEC,0.456,0.249,0.169,0.17,0.169,0,0,0,0,0
Tec-9 | Red Quartz,0.0,0.4,TRAIN,RESTRICTED,0.086,0.072,0.074,0.156,0,0,0,0,0,0
XM1014 | Urban Perforated,0.06,0.8,VERTIGO,CONSUMER,0,2.979,2.346,2.067,2.695,0,0,0,0,0
MAC-10 | Urban DDPAT,0.06,0.8,VERTIGO,CONSUMER,20.96,2.895,2.506,2.431,2.54,0,0,0,0,0
PP-Bizon | Carbon Fiber,0.0,0.12,VERTIGO,INDUSTRIAL,11.379,11.586,0,0,0,0,0,0,0,0
P90 | Glacier Mesh,0.06,0.8,VERTIGO,MIL_SPEC,28.031,6.436,6.419,24.293,6.978,0,0,0,0,0
AK-47 | Black Laminate,0.06,0.8,VERTIGO,MIL_SPEC,196.208,27.581,25.488,25.664,25.604,0,0,0,0,0
Dual Berettas | Demolition,0.26,0.6,VERTIGO,RESTRICTED,0,0,9.307,6.708,7.186,0,0,0,0,0
SCAR-20 | Army Sheen,0.0,0.3,CHOP_SHOP,CONSUMER,3.58,2.292,2.196,0,0,0,0,0,0,0
CZ75-Auto | Army Sheen,0.0,0.3,CHOP_SHOP,CONSUMER,3.464,2.499,2.406,0,0,0,0,0,0,0
M249 | Impact Drill,0.0,1.0,CHOP_SHOP,CONSUMER,5.191,2.121,1.926,1.908,1.887,0,0,0,0,0
MAG-7 | Seabird,0.0,1.0,CHOP_SHOP,CONSUMER,5.57,2.388,2.103,2.368,2.168,0,0,0,0,0
Desert Eagle | Night,0.06,0.8,CHOP_SHOP,INDUSTRIAL,56.995,11.958,9.789,9.953,9.626,0,0,0,0,0
Galil AR | Urban Rubble,0.0,0.5,CHOP_SHOP,INDUSTRIAL,17.8,13.081,11.519,12.477,12.467,0,0,0,0,0
USP-S | Para Green,0.0,0.8,CHOP_SHOP,INDUSTRIAL,23.287,12.627,12.476,30.965,14.961,0,0,0,0,0
MAC-10 | Fade,0.0,0.08,CHOP_SHOP,MIL_SPEC,28.742,46.904,0,0,0,0,0,0,0,0
P250 | Whiteout,0.06,0.8,CHOP_SHOP,MIL_SPEC,144.736,35.235,27.45,29.403,26.641,0,0,0,0,0
MP7 | Full Stop,0.0,0.6,CHOP_SHOP,MIL_SPEC,34.095,26.077,26.359,0,0,0,0,0,0,0
Five-SeveN | Nitro,0.06,0.8,CHOP_SHOP,MIL_SPEC,38.168,28.777,27.613,69.861,26.85,0,0,0,0,0
CZ75-Auto | Emerald,0.0,0.08,CHOP_SHOP,MIL_SPEC,28.631,32.93,0,0,0,0,0,0,0,0
SG 553 | Bulldozer,0.06,0.8,CHOP_SHOP,RESTRICTED,173.975,128.5,243.322,111.972,0,0,0,0,0,0
Dual Berettas | Duelist,0.0,1.0,CHOP_SHOP,RESTRICTED,0,279.742,256.982,210.139,158.838,0,0,0,0,0
Glock-18 | Twilight Galaxy,0.0,0.2,CHOP_SHOP,CLASSIFIED,194.641,171.384,165.786,0,0,0,0,0,0,0
M4A1-S | Hot Rod,0.0,0.08,CHOP_SHOP,CLASSIFIED,823.926,934.235,0,0,0,0,0,0,0,0
MP7 | Asterion,0.0,0.55,GODS_AND_MONSTERS,CONSUMER,5.254,5.231,4.542,5.587,5.622,0,0,0,0,0
AUG | Daedalus,0.0,0.55,GODS_AND_MONSTERS,CONSUMER,5.123,5.204,4.445,7.976,5.884,0,0,0,0,0
Dual Berettas | Moon in Libra,0.0,0.5,GODS_AND_MONSTERS,CONSUMER,4.649,5.195,5.091,4.772,5.424,0,0,0,0,0
Nova | Moon in Libra,0.0,0.5,GODS_AND_MONSTERS,CONSUMER,6.481,5.79,5.206,5.606,5.241,0,0,0,0,0
Tec-9 | Hades,0.0,1.0,GODS_AND_MONSTERS,INDUSTRIAL,23.048,22.194,0,19.341,25.99,0,0,0,0,0
P2000 | Pathfinder,0.0,0.35,GODS_AND_MONSTERS,INDUSTRIAL,18.466,32.879,29.299,0,0,0,0,0,0,0
AWP | Sun in Leo,0.0,0.5,GODS_AND_MONSTERS,INDUSTRIAL,35.614,20.744,19.621,19.464,22.035,0,0,0,0,0
M249 | Shipping Forecast,0.0,0.5,GODS_AND_MONSTERS,INDUSTRIAL,25.228,19.441,19.552,0,0,0,0,0,0,0
UMP-45 | Minotaur's Labyrinth,0.0,0.39,GODS_AND_MONSTERS,MIL_SPEC,129.932,109.798,139.343,0,0,0,0,0,0,0
MP9 | Pandora's Box,0.0,0.3,GODS_AND_MONSTERS,MIL_SPEC,150.905,147.697,0,0,0,0,0,0,0,0
G3SG1 | Chronos,0.0,0.4,GODS_AND_MONSTERS,RESTRICTED,0,0,0,0,0,0,0,0,0,0
M4A1-S | Icarus Fell,0.0,0.1,GODS_AND_MONSTERS,RESTRICTED,442.471,548.986,0,0,0,0,0,0,0,0
M4A4 | Poseidon,0.0,0.33,GODS_AND_MONSTERS,CLASSIFIED,1197.788,896.967,938.267,0,0,0,0,0,0,0
AWP | Medusa,0.0,1.0,GODS_AND_MONSTERS,COVERT,5739.397,2699.065,1926.442,1728.485,1656.982,0,0,0,0,0
PP-Bizon | Bamboo Print,0.0,0.8,RISING_SUN,CONSUMER,4.522,3.314,2.458,11.787,2.673,0,0,0,0,0
Sawed-Off | Bamboo Shadow,0.0,0.6,RISING_SUN,CONSUMER,4.395,2.906,2.837,3.169,3.679,0,0,0,0,0
Tec-9 | Bamboo Forest,0.0,0.6,RISING_SUN,CONSUMER,6.141,3.604,2.805,3.654,2.815,0,0,0,0,0
G3SG1 | Orange Kimono,0.0,0.8,RISING_SUN,CONSUMER,3.921,2.982,2.606,3.392,2.855,0,0,0,0,0
P250 | Mint Kimono,0.0,0.8,RISING_SUN,CONSUMER,4.193,2.926,2.894,4.168,2.981,0,0,0,0,0
P250 | Crimson Kimono,0.0,0.8,RISING_SUN,INDUSTRIAL,22.931,21.161,21.185,21.491,22.271,0,0,0,0,0
Desert Eagle | Midnight Storm,0.0,0.75,RISING_SUN,INDUSTRIAL,22.409,22.522,23.2,21.96,22.313,0,0,0,0,0
Galil AR | Aqua Terrace,0.0,0.7,RISING_SUN,MIL_SPEC,158.838,111.431,107.44,0,99.041,0,0,0,0,0
MAG-7 | Counter Terrace,0.0,0.65,RISING_SUN,MIL_SPEC,127.526,113.99,0,123.982,131.337,0,0,0,0,0
Tec-9 | Terrace,0.0,1.0,RISING_SUN,MIL_SPEC,196.211,205.537,128.091,107.801,105.07,0,0,0,0,0
Five-SeveN | Neon Kimono,0.0,0.8,RISING_SUN,RESTRICTED,315.808,0,0,0,0,0,0,0,0,0
Desert Eagle | Sunset Storm 壱,0.0,0.75,RISING_SUN,RESTRICTED,399.263,0,436.669,0,282.973,0,0,0,0,0
M4A4 | Daybreak,0.0,0.6,RISING_SUN,RESTRICTED,247.601,348.603,266.783,0,349.355,0,0,0,0,0
AK-47 | Hydroponic,0.0,0.8,RISING_SUN,CLASSIFIED,2090.0,1588.38,1026.841,633.83,496.184,0,0,0,0,0
AUG | Akihabara Accept,0.0,1.0,RISING_SUN,COVERT,4294.737,0,654.039,359.58,261.616,0,0,0,0,0
M249 | Jungle DDPAT,0.06,0.8,ALPHA,CONSUMER,21.66,4.811,2.097,1.425,1.939,0,0,0,0,0
Tec-9 | Tornado,0.06,0.8,ALPHA,CONSUMER,33.269,7.756,2.084,2.098,2.629,0,0,0,0,0
MP9 | Dry Season,0.06,0.8,ALPHA,CONSUMER,39.917,3.364,2.215,3.108,3.152,0,0,0,0,0
Five-SeveN | Anodized Gunmetal,0.0,0.08,ALPHA,CONSUMER,8.974,9.143,0,0,0,0,0,0,0,0
XM1014 | Jungle,0.06,0.8,ALPHA,CONSUMER,76.616,4.268,1.915,7.823,1.931,0,0,0,0,0
MP7 | Groundwater,0.06,0.8,ALPHA,CONSUMER,32.936,0,2.888,3.216,2.243,0,0,0,0,0
Glock-18 | Sand Dune,0.06,0.8,ALPHA,INDUSTRIAL,0,26.846,5.261,6.868,6.978,0,0,0,0,0
SSG 08 | Mayan Dreams,0.06,0.8,ALPHA,INDUSTRIAL,41.574,6.477,7.176,7.976,18.687,0,0,0,0,0
Negev | Palm,0.06,0.8,ALPHA,INDUSTRIAL,0,0,7.177,9.972,7.676,0,0,0,0,0
Sawed-Off | Mosaico,0.06,0.8,ALPHA,INDUSTRIAL,0,6.475,4.794,4.99,19.582,0,0,0,0,0
P250 | Facets,0.06,0.8,ALPHA,INDUSTRIAL,90.034,5.152,4.293,6.457,4.961,0,0,0,0,0
AUG | Anodized Navy,0.0,0.08,ALPHA,MIL_SPEC,25.562,0,0,0,0,0,0,0,0,0
MAG-7 | Hazard,0.06,0.8,ALPHA,MIL_SPEC,132.294,16.286,10.695,38.52,0,0,0,0,0,0
PP-Bizon | Rust Coat,0.0,1.0,ALPHA,MIL_SPEC,39.468,14.987,10.671,9.949,15.661,0,0,0,0,0
FAMAS | Spitfire,0.06,0.8,ALPHA,RESTRICTED,242.929,79.843,12.316,17.181,8.055,0,0,0,0,0
SCAR-20 | Emerald,0.0,0.08,ALPHA,RESTRICTED,28.248,64.881,0,0,0,0,0,0,0,0
MP7 | Skulls,0.1,0.26,ARMS_DEAL,MIL_SPEC,0,21.573,21.998,0,0,0,21.131,23.053,0,0
SG 553 | Ultraviolet,0.06,0.8,ARMS_DEAL,MIL_SPEC,35.918,21.76,21.912,23.289,22.498,112.121,28.178,21.411,27.242,22.858
AUG | Wings,0.0,0.14,ARMS_DEAL,MIL_SPEC,20.911,21.353,0,0,0,22.651,23.297,0,0,0
M4A1-S | Dark Water,0.1,0.26,ARMS_DEAL,RESTRICTED,0,74.453,72.365,0,0,0,140.092,119.769,0,0
USP-S | Dark Water,0.1,0.26,ARMS_DEAL,RESTRICTED,0,78.367,74.125,0,0,0,129.761,112.019,0,0
Glock-18 | Dragon Tattoo,0.0,0.08,ARMS_DEAL,RESTRICTED,104.647,0,0,0,0,474.055,0,0,0,0
Desert Eagle | Hypnotic,0.0,0.08,ARMS_DEAL,CLASSIFIED,85.771,132.384,0,0,0,140.142,309.954,0,0,0
AK-47 | Case Hardened,0.0,1.0,ARMS_DEAL,CLASSIFIED,322.347,253.814,219.595,184.065,179.474,854.922,540.05,422.22,316.823,327.018
AWP | Lightning Strike,0.0,0.08,ARMS_DEAL,COVERT,529.013,526.035,0,0,0,858.528,0,0,0,0
M4A4 | Faded Zebra,0.06,0.8,ESPORTS_2013,MIL_SPEC,25.181,4.625,4.36,6.063,4.28,0,4.908,3.777,4.833,3.983
FAMAS | Doomkitty,0.08,0.22,ESPORTS_2013,MIL_SPEC,0,4.537,5.691,0,0,0,4.097,3.81,0,0
MAG-7 | Memento,0.02,0.18,ESPORTS_2013,MIL_SPEC,5.749,4.346,8.204,0,0,8.704,4.188,4.298,0,0
Sawed-Off | Orange DDPAT,0.06,0.8,ESPORTS_2013,RESTRICTED,40.289,20.537,13.211,19.954,12.909,182.197,28.031,16.27,24.954,14.952
P250 | Splash,0.06,0.18,ESPORTS_2013,RESTRICTED,45.269,18.676,24.605,0,0,77.481,48.071,50.474,0,0
Galil AR | Orange DDPAT,0.06,0.8,ESPORTS_2013,RESTRICTED,38.928,17.372,12.368,19.954,11.968,0,29.945,20.563,17.458,16.859
AK-47 | Red Laminate,0.06,0.8,ESPORTS_2013,CLASSIFIED,0,52.117,37.788,38.81,37.92,0,230.574,106.214,112.792,100.924
AWP | BOOM,0.06,0.28,ESPORTS_2013,CLASSIFIED,343.656,80.352,78.306,0,0,635.352,187.502,168.689,0,0
P90 | Death by Kitty,0.08,0.32,ESPORTS_2013,COVERT,0,43.459,26.132,0,0,0,184.815,100.804,0,0
Nova | Tempest,0.06,0.22,BRAVO,MIL_SPEC,14.204,8.699,9.53,0,0,0,7.513,6.915,0,0
Dual Berettas | Black Limba,0.06,0.8,BRAVO,MIL_SPEC,101.19,8.036,7.271,13.965,7.9,73.692,7.083,6.181,7.472,6.488
UMP-45 | Bone Pile,0.06,0.34,BRAVO,MIL_SPEC,17.468,8.036,8.168,0,0,32.81,7.269,6.805,0,0
SG 553 | Wave Spray,0.06,0.8,BRAVO,MIL_SPEC,24.891,8.092,7.368,12.757,7.915,88.174,6.978,5.577,6.648,5.281
Galil AR | Shattered,0.06,0.8,BRAVO,MIL_SPEC,19.155,9.834,7.882,10.3,8.471,0,12.238,5.8,7.107,6.346
G3SG1 | Demeter,0.06,0.8,BRAVO,MIL_SPEC,13.466,7.916,7.316,8.944,8.754,0,7.379,5.957,7.475,6.475
M4A1-S | Bright Water,0.1,0.22,BRAVO,RESTRICTED,0,25.843,23.945,0,0,0,53.688,49.044,0,0
M4A4 | Zirka,0.06,0.42,BRAVO,RESTRICTED,29.814,23.872,21.121,21.77,0,0,50.287,41.343,43.819,0
MAC-10 | Graven,0.06,0.8,BRAVO,RESTRICTED,34.035,26.497,23.457,0,23.407,0,55.874,37.393,39.917,32.93
USP-S | Overgrowth,0.06,0.8,BRAVO,RESTRICTED,61.888,22.409,21.312,22.898,21.061,255.246,52.324,39.168,49.908,39.167
P90 | Emerald Dragon,0.06,0.52,BRAVO,CLASSIFIED,0,100.454,88.142,118.461,107.749,0,302.145,206.658,191.646,179.659
P2000 | Ocean Foam,0.0,0.12,BRAVO,CLASSIFIED,2634.842,0,0,0,0,0,0,0,0,0
AWP | Graphite,0.0,0.12,BRAVO,CLASSIFIED,124.77,124.76,0,0,0,438.889,322.777,0,0,0
Desert Eagle | Golden Koi,0.0,0.12,BRAVO,COVERT,91.355,85.025,0,0,0,246.88,200.884,0,0,0
AK-47 | Fire Serpent,0.06,0.76,BRAVO,COVERT,2612.418,1116.518,764.29,756.652,479.115,0,3178.948,1680.88,0,878.368
Tec-9 | Blue Titanium,0.0,0.04,ARMS_DEAL_2,MIL_SPEC,5.91,0,0,0,0,9.484,0,0,0,0
M4A1-S | Blood Tiger,0.0,0.3,ARMS_DEAL_2,MIL_SPEC,5.792,5.648,5.56,0,0,11.37,9.07,9.51,0,0
FAMAS | Hexane,0.0,0.4,ARMS_DEAL_2,MIL_SPEC,5.55,5.266,5.398,8.337,0,9.182,6.289,5.522,0,0
P250 | Hive,0.0,0.3,ARMS_DEAL_2,MIL_SPEC,5.211,4.909,4.847,0,0,7.337,7.101,5.821,0,0
SCAR-20 | Crimson Web,0.06,0.8,ARMS_DEAL_2,MIL_SPEC,14.388,5.39,4.668,4.741,4.255,0,7.848,5.445,5.093,4.728
Five-SeveN | Case Hardened,0.0,1.0,ARMS_DEAL_2,RESTRICTED,15.24,11.214,8.065,8.059,8.216,92.42,34.936,19.415,16.759,16.222
MP9 | Hypnotic,0.0,0.08,ARMS_DEAL_2,RESTRICTED,8.314,11.568,0,0,0,25.702,37.299,0,0,0
Nova | Graphite,0.0,0.12,ARMS_DEAL_2,RESTRICTED,7.389,7.077,0,0,0,78.532,17.873,0,0,0
Dual Berettas | Hemoglobin,0.0,0.2,ARMS_DEAL_2,RESTRICTED,7.31,7.127,7.179,0,0,20.963,15.968,22.425,0,0
P90 | Cold Blooded,0.0,0.08,ARMS_DEAL_2,CLASSIFIED,63.164,59.305,0,0,0,72.866,89.476,0,0,0
USP-S | Serum,0.0,0.25,ARMS_DEAL_2,CLASSIFIED,52.134,920.922,35.243,0,0,50.624,37.651,37.83,0,0
SSG 08 | Blood in the Water,0.06,0.2,ARMS_DEAL_2,COVERT,60.553,34.379,36.932,0,0,373.737,139.815,132.677,0,0
PP-Bizon | Cobalt Halftone,0.05,0.45,WINTER_OFFENSIVE,MIL_SPEC,2.71,1.031,0.927,0.893,0,3.782,1.606,1.219,1.618,0
M249 | Magma,0.0,0.7,WINTER_OFFENSIVE,MIL_SPEC,1.673,0.876,0.882,0.942,1.295,2.299,1.748,1.614,0,1.856
Five-SeveN | Kami,0.0,0.3,WINTER_OFFENSIVE,MIL_SPEC,1.439,0.953,0.954,0,0,2.407,2.037,2.269,0,0
Galil AR | Sandstorm,0.1,0.6,WINTER_OFFENSIVE,MIL_SPEC,0,2.975,1.006,1.142,1.018,0,4.654,1.374,1.638,1.448
Nova | Rising Skull,0.0,0.5,WINTER_OFFENSIVE,RESTRICTED,12.614,6.914,7.474,8.31,0,12.444,10.583,10.365,12.476,10.627
MP9 | Rose Iron,0.0,0.3,WINTER_OFFENSIVE,RESTRICTED,6.039,5.352,5.244,0,0,14.328,11.332,10.83,0,0
Dual Berettas | Marina,0.05,0.5,WINTER_OFFENSIVE,RESTRICTED,14.173,5.391,5.193,5.42,6.774,45.737,10.11,7.438,8.784,15.423
FAMAS | Pulse,0.0,0.4,WINTER_OFFENSIVE,RESTRICTED,5.174,4.961,4.368,7.983,0,11.213,11.425,11.433,0,0
AWP | Redline,0.1,0.4,WINTER_OFFENSIVE,CLASSIFIED,0,52.622,38.634,38.998,0,0,108.29,59.709,129.438,0
P250 | Mehndi,0.0,1.0,WINTER_OFFENSIVE,CLASSIFIED,15.574,12.555,9.6,8.836,8.804,57.883,26.722,28.011,21.092,19.435
M4A1-S | Guardian,0.0,0.5,WINTER_OFFENSIVE,CLASSIFIED,22.916,19.918,16.819,16.221,16.869,69.871,48.959,42.521,43.353,42.688
Sawed-Off | The Kraken,0.0,0.4,WINTER_OFFENSIVE,COVERT,4.859,3.833,3.124,0,0,42.045,16.35,14.016,0,0
M4A4 | Asiimov,0.18,1.0,WINTER_OFFENSIVE,COVERT,0,0,120.53,92.199,55.841,0,0,390.66,296.654,129.767
Galil AR | Blue Titanium,0.0,0.04,ESPORTS_2013_WINTER,MIL_SPEC,3.276,0,0,0,0,9.143,0,0,0,0
Five-SeveN | Nightshade,0.0,0.5,ESPORTS_2013_WINTER,MIL_SPEC,2.252,2.102,2.102,2.388,10.507,5.902,5.301,5.52,0,5.607
PP-Bizon | Water Sigil,0.0,0.5,ESPORTS_2013_WINTER,MIL_SPEC,1.99,1.947,1.732,4.981,1.935,6.597,6.54,6.54,0,10.466
Nova | Ghost Camo,0.0,0.4,ESPORTS_2013_WINTER,MIL_SPEC,1.757,2.024,1.876,3.983,0,12.966,5.653,5.53,11.968,0
G3SG1 | Azure Zebra,0.0,0.28,ESPORTS_2013_WINTER,MIL_SPEC,1.97,2.095,2.615,0,0,5.325,5.52,5.73,0,0
P250 | Steel Disruption,0.0,0.2,ESPORTS_2013_WINTER,MIL_SPEC,2.027,2.028,3.27,0,0,7.28,6.688,7.242,0,0
AK-47 | Blue Laminate,0.02,0.4,ESPORTS_2013_WINTER,RESTRICTED,10.775,8.684,8.708,12.736,0,34.936,24.43,22.2,34.057,0
P90 | Blind Spot,0.0,0.5,ESPORTS_2013_WINTER,RESTRICTED,8.684,9.62,7.872,11.978,9.882,17.781,12.827,11.8,25.153,11.807
FAMAS | Afterimage,0.02,0.4,ESPORTS_2013_WINTER,CLASSIFIED,49.428,26.481,18.126,40.319,0,33.17,22.966,16.46,39.717,0
AWP | Electric Hive,0.0,0.4,ESPORTS_2013_WINTER,CLASSIFIED,53.669,33.957,28.039,35.385,0,79.853,55.905,43.083,87.829,0
Desert Eagle | Cobalt Disruption,0.0,0.2,ESPORTS_2013_WINTER,CLASSIFIED,70.056,64.581,61.826,0,0,133.115,98.203,95.861,0,0
M4A4 | X-Ray,0.0,0.3,ESPORTS_2013_WINTER,COVERT,15.265,10.691,10.688,0,0,68.142,49.904,58.948,0,0
CZ75-Auto | Crimson Web,0.06,0.8,ARMS_DEAL_3,MIL_SPEC,13.081,1.421,1.163,1.059,1.097,59.89,3.264,2.979,3.094,3.0
P2000 | Red FragCam,0.0,0.7,ARMS_DEAL_3,MIL_SPEC,2.098,1.333,1.181,2.027,1.158,5.191,4.869,2.396,4.077,2.208
Dual Berettas | Panther,0.0,0.58,ARMS_DEAL_3,MIL_SPEC,1.875,1.598,1.208,1.281,1.196,5.361,3.923,1.917,5.74,2.549
USP-S | Stainless,0.0,0.8,ARMS_DEAL_3,MIL_SPEC,14.489,8.223,3.577,4.537,2.833,64.845,22.947,12.594,13.659,10.566
Glock-18 | Blue Fissure,0.06,0.58,ARMS_DEAL_3,MIL_SPEC,17.092,1.386,1.241,1.371,1.21,74.19,6.457,2.374,4.542,2.405
CZ75-Auto | Tread Plate,0.0,0.2,ARMS_DEAL_3,RESTRICTED,5.101,4.832,4.688,0,0,25.694,11.101,11.07,0,0
Tec-9 | Titanium Bit,0.0,0.2,ARMS_DEAL_3,RESTRICTED,5.915,5.517,5.678,0,0,18.471,10.511,12.268,0,0
Desert Eagle | Heirloom,0.0,0.8,ARMS_DEAL_3,RESTRICTED,18.687,5.54,4.532,6.0,4.298,51.625,21.376,11.679,16.959,12.474
Five-SeveN | Copper Galaxy,0.0,0.2,ARMS_DEAL_3,RESTRICTED,5.989,5.419,5.291,0,0,21.106,19.265,20.192,0,0
CZ75-Auto | The Fuschia Is Now,0.0,0.4,ARMS_DEAL_3,CLASSIFIED,48.512,26.941,16.62,19.717,0,0,30.314,18.024,30.544,0
P250 | Undertow,0.0,0.2,ARMS_DEAL_3,CLASSIFIED,48.122,27.901,26.162,0,0,48.302,40.216,39.105,0,0
CZ75-Auto | Victoria,0.0,0.75,ARMS_DEAL_3,COVERT,7.453,5.558,3.723,6.987,3.439,104.646,39.243,21.098,1727.597,22.935
UMP-45 | Corporal,0.05,0.75,PHOENIX,MIL_SPEC,0.879,0.299,0.271,0.293,0.217,2.146,0.784,0.456,0.542,0.357
Negev | Terrain,0.0,0.45,PHOENIX,MIL_SPEC,0.454,0.37,0.271,0.261,0,1.594,0.836,0.538,1.049,0
Tec-9 | Sandstorm,0.1,0.7,PHOENIX,MIL_SPEC,0,1.113,0.3,0.329,0.305,0,2.696,0.675,0.849,0.575
MAG-7 | Heaven Guard,0.0,0.4,PHOENIX,MIL_SPEC,0.548,0.412,0.271,0.4,0,1.318,0.757,0.589,1.261,0
MAC-10 | Heat,0.0,1.0,PHOENIX,RESTRICTED,5.565,3.294,1.896,1.736,1.589,15.172,12.3,3.812,3.761,3.327
SG 553 | Pulse,0.1,0.6,PHOENIX,RESTRICTED,0,3.766,1.961,2.254,1.918,0,10.97,3.662,3.762,3.671
FAMAS | Sergeant,0.1,1.0,PHOENIX,RESTRICTED,0,3.594,1.812,1.542,1.57,0,9.145,3.345,3.366,2.689
USP-S | Guardian,0.0,0.38,PHOENIX,RESTRICTED,4.288,3.404,2.427,0,0,12.04,7.986,3.605,0,0
AK-47 | Redline,0.1,0.7,PHOENIX,CLASSIFIED,0,75.61,16.789,14.057,11.204,0,203.083,38.919,32.688,21.235
P90 | Trigon,0.08,0.75,PHOENIX,CLASSIFIED,0,7.736,7.585,7.681,9.715,0,15.622,12.666,12.677,24.022
Nova | Antique,0.0,0.3,PHOENIX,CLASSIFIED,12.58,11.536,11.821,0,0,19.228,15.791,15.801,0,0
AWP | Asiimov,0.18,1.0,PHOENIX,COVERT,0,0,103.945,84.179,73.804,0,0,197.725,159.663,108.34
AUG | Chameleon,0.0,0.5,PHOENIX,COVERT,3.453,2.696,1.877,2.245,2.453,16.856,9.373,6.262,11.212,10.817
Tec-9 | Isaac,0.0,1.0,HUNTSMAN,MIL_SPEC,8.621,2.646,1.998,1.908,1.887,22.858,4.112,2.313,1.832,1.831
SSG 08 | Slashed,0.15,0.8,HUNTSMAN,MIL_SPEC,0,0,2.047,2.077,2.287,0,0,1.767,1.991,1.833
Dual Berettas | Retribution,0.0,0.45,HUNTSMAN,MIL_SPEC,3.551,2.859,3.375,0,0,4.541,2.613,2.159,5.979,0
Galil AR | Kami,0.0,0.6,HUNTSMAN,MIL_SPEC,2.841,2.074,2.476,3.084,2.487,5.047,2.458,2.333,2.367,2.533
P90 | Desert Warfare,0.0,0.5,HUNTSMAN,MIL_SPEC,6.489,2.993,2.071,2.786,4.323,11.353,4.971,1.811,3.736,5.979
CZ75-Auto | Poison Dart,0.0,0.7,HUNTSMAN,MIL_SPEC,11.285,5.87,6.541,0,0,22.285,4.971,3.954,4.981,4.492
CZ75-Auto | Twist,0.0,1.0,HUNTSMAN,MIL_SPEC,3.174,2.105,2.088,1.959,1.962,6.755,2.258,1.827,1.738,1.86
P90 | Module,0.0,0.35,HUNTSMAN,MIL_SPEC,2.212,2.26,2.243,0,0,2.664,2.139,2.061,0,0
P2000 | Pulse,0.0,0.6,HUNTSMAN,MIL_SPEC,2.523,2.292,2.056,2.985,2.387,2.795,2.101,1.745,2.186,1.675
AUG | Torque,0.0,0.5,HUNTSMAN,RESTRICTED,9.183,8.475,8.643,12.967,10.904,14.863,12.877,15.043,11.469,11.36
PP-Bizon | Antique,0.0,0.5,HUNTSMAN,RESTRICTED,9.718,7.746,7.737,8.251,9.962,15.479,12.428,12.087,14.663,12.967
XM1014 | Heaven Guard,0.03,0.5,HUNTSMAN,RESTRICTED,10.863,8.129,7.399,8.146,7.586,22.33,13.775,12.651,13.103,15.522
MAC-10 | Curse,0.0,0.5,HUNTSMAN,RESTRICTED,10.071,6.978,7.473,11.425,12.428,17.752,12.376,21.758,16.009,41.102
MAC-10 | Tatter,0.0,0.5,HUNTSMAN,RESTRICTED,9.483,9.063,9.101,14.522,17.488,19.864,12.661,12.159,15.093,10.942
M4A1-S | Atomic Alloy,0.0,0.9,HUNTSMAN,CLASSIFIED,65.704,46.064,37.914,31.512,27.115,119.779,74.862,43.493,39.944,33.651
SCAR-20 | Cyrex,0.0,0.5,HUNTSMAN,CLASSIFIED,53.5,48.382,36.804,35.505,32.609,89.835,73.346,52.321,44.64,65.07
USP-S | Orion,0.0,0.5,HUNTSMAN,CLASSIFIED,49.635,39.948,44.709,53.617,52.903,96.942,76.171,75.537,0,378.409
USP-S | Caiman,0.0,0.4,HUNTSMAN,CLASSIFIED,49.907,46.108,42.622,42.871,0,132.141,71.772,52.966,53.548,0
AK-47 | Vulcan,0.0,0.9,HUNTSMAN,COVERT,663.383,414.797,194.978,105.07,73.549,1576.089,714.771,309.429,198.009,182.636
M4A4 | Desert-Strike,0.0,0.7,HUNTSMAN,COVERT,6.046,4.344,3.214,4.668,3.186,25.591,15.715,10.481,23.736,11.089
M4A4 | Howl,0.0,0.4,HUNTSMAN,CONTRABAND,6388.199,5260.283,3842.911,3492.548,0,0,0,0,0,0
MP7 | Urban Hazard,0.0,0.5,BREAKOUT,MIL_SPEC,0.169,0.113,0.102,0.103,0.126,0.598,0.35,0.196,0.242,0.211
Negev | Desert-Strike,0.0,0.5,BREAKOUT,MIL_SPEC,0.159,0.101,0.065,0.102,0.116,0.682,0.384,0.199,0.247,0.169
P2000 | Ivory,0.0,1.0,BREAKOUT,MIL_SPEC,0.458,0.154,0.095,0.087,0.093,2.632,0.372,0.209,0.141,0.141
SSG 08 | Abyss,0.0,1.0,BREAKOUT,MIL_SPEC,2.268,0.442,0.162,0.12,0.1,9.841,1.497,0.613,0.317,0.326
UMP-45 | Labyrinth,0.0,0.4,BREAKOUT,MIL_SPEC,0.187,0.166,0.089,0.135,0,0.712,0.336,0.197,0.171,0
PP-Bizon | Osiris,0.0,0.5,BREAKOUT,RESTRICTED,1.139,1.122,1.123,1.148,1.498,4.127,2.19,1.731,1.478,1.561
CZ75-Auto | Tigris,0.0,1.0,BREAKOUT,RESTRICTED,1.778,0.709,0.599,0.542,0.381,4.398,2.622,1.318,1.134,1.159
Nova | Koi,0.0,0.3,BREAKOUT,RESTRICTED,1.05,0.622,0.54,0,0,3.751,2.164,2.16,0,0
P250 | Supernova,0.0,0.4,BREAKOUT,RESTRICTED,1.173,0.645,0.59,1.151,0,3.567,2.99,2.898,3.065,0
Desert Eagle | Conspiracy,0.0,0.3,BREAKOUT,CLASSIFIED,6.867,4.831,4.622,0,0,21.142,11.94,11.299,0,0
Five-SeveN | Fowl Play,0.0,1.0,BREAKOUT,CLASSIFIED,7.721,3.462,2.498,2.546,1.7,18.193,9.82,5.015,3.935,3.579
Glock-18 | Water Elemental,0.0,0.7,BREAKOUT,CLASSIFIED,10.25,5.471,3.068,5.41,2.67,46.004,22.459,10.98,14.399,8.886
P90 | Asiimov,0.0,0.92,BREAKOUT,COVERT,29.813,11.794,6.055,5.375,4.24,145.782,46.025,21.12,15.971,12.978
M4A1-S | Cyrex,0.0,0.5,BREAKOUT,COVERT,33.054,22.043,15.871,16.088,15.998,98.318,69.684,43.914,42.911,43.919
SSG 08 | Dark Water,0.1,0.26,ESPORTS_2014_SUMMER,MIL_SPEC,0,2.004,1.934,0,0,0,3.028,2.804,0,0
MAC-10 | Ultraviolet,0.06,0.8,ESPORTS_2014_SUMMER,MIL_SPEC,23.473,2.953,1.488,1.647,1.281,90.258,5.024,2.336,1.979,1.702
USP-S | Blood Tiger,0.0,0.3,ESPORTS_2014_SUMMER,MIL_SPEC,6.548,2.366,2.352,0,0,9.592,3.298,3.288,0,0
CZ75-Auto | Hexane,0.0,0.4,ESPORTS_2014_SUMMER,MIL_SPEC,6.388,2.617,1.694,2.149,0,9.738,3.449,2.157,2.476,0
Negev | Bratatat,0.0,1.0,ESPORTS_2014_SUMMER,MIL_SPEC,7.586,2.446,1.687,1.613,1.29,34.758,4.532,2.218,1.786,1.564
XM1014 | Red Python,0.08,0.5,ESPORTS_2014_SUMMER,MIL_SPEC,0,2.129,1.926,2.178,2.076,0,4.1,2.418,2.364,2.312
PP-Bizon | Blue Streak,0.06,0.8,ESPORTS_2014_SUMMER,RESTRICTED,5.924,3.459,1.958,1.994,2.102,28.424,6.306,3.403,4.084,0
P90 | Virus,0.06,0.8,ESPORTS_2014_SUMMER,RESTRICTED,2.648,2.101,1.471,2.196,1.498,20.614,5.021,3.176,6.978,4.043
MP7 | Ocean Foam,0.0,0.08,ESPORTS_2014_SUMMER,RESTRICTED,3.316,3.833,0,0,0,10.486,10.715,0,0,0
Glock-18 | Steel Disruption,0.0,0.2,ESPORTS_2014_SUMMER,RESTRICTED,2.786,2.438,2.604,0,0,9.865,7.625,7.493,0,0
Desert Eagle | Crimson Web,0.06,0.8,ESPORTS_2014_SUMMER,RESTRICTED,94.825,23.956,6.778,6.81,6.788,349.355,54.061,12.733,15.921,12.744
AUG | Bengal Tiger,0.06,0.8,ESPORTS_2014_SUMMER,CLASSIFIED,27.308,6.731,4.293,4.965,4.121,109.788,16.203,13.016,21.155,11.761
Nova | Bloomstick,0.06,0.8,ESPORTS_2014_SUMMER,CLASSIFIED,49.063,14.024,5.793,6.297,5.562,149.714,0,12.877,16.819,93.435
AWP | Corticera,0.06,0.3,ESPORTS_2014_SUMMER,CLASSIFIED,32.859,13.16,12.895,0,0,99.721,28.868,24.901,0,0
P2000 | Corticera,0.06,0.3,ESPORTS_2014_SUMMER,CLASSIFIED,21.461,7.194,5.191,0,0,0,18.809,14.177,0,0
M4A4 | Bullet Rain,0.02,0.46,ESPORTS_2014_SUMMER,COVERT,44.684,14.622,12.13,12.767,0,139.424,55.846,37.374,36.733,0
AK-47 | Jaguar,0.0,1.0,ESPORTS_2014_SUMMER,COVERT,194.738,72.919,61.786,36.733,36.433,485.858,415.782,124.351,89.697,74.673
G3SG1 | Murky,0.0,0.25,VANGUARD,MIL_SPEC,0.589,0.522,0.599,0,0,2.219,1.939,1.674,0,0
MAG-7 | Firestarter,0.06,0.49,VANGUARD,MIL_SPEC,3.118,0.518,0.498,0.738,0.471,10.102,1.721,1.178,1.348,1.701
MP9 | Dart,0.0,0.46,VANGUARD,MIL_SPEC,0.649,0.454,0.467,0.479,0.714,2.449,1.909,1.272,1.608,0
Five-SeveN | Urban Hazard,0.0,0.25,VANGUARD,MIL_SPEC,0.979,0.907,0.841,0,0,2.998,1.868,1.613,0,0
UMP-45 | Delusion,0.06,0.35,VANGUARD,MIL_SPEC,3.453,0.645,0.414,0,0,7.41,2.147,1.125,0,0
Glock-18 | Grinder,0.02,0.25,VANGUARD,RESTRICTED,1.598,1.19,1.201,0,0,7.288,5.476,5.455,0,0
M4A1-S | Basilisk,0.0,0.68,VANGUARD,RESTRICTED,9.832,5.387,4.322,5.69,4.282,32.508,18.421,14.66,15.871,14.773
M4A4 | Griffin,0.0,0.8,VANGUARD,RESTRICTED,3.752,1.846,1.41,4.173,1.417,16.719,6.229,3.743,19.954,4.09
Sawed-Off | Highwayman,0.0,1.0,VANGUARD,RESTRICTED,1.838,1.062,0.711,0.441,0.477,7.886,4.443,2.128,1.626,1.597
P250 | Cartel,0.0,0.75,VANGUARD,CLASSIFIED,11.698,5.093,3.428,4.452,3.41,54.192,22.171,12.094,12.858,12.176
SCAR-20 | Cardiac,0.0,1.0,VANGUARD,CLASSIFIED,13.454,4.347,2.742,2.765,2.406,45.417,14.941,8.974,8.132,7.784
XM1014 | Tranquility,0.0,0.5,VANGUARD,CLASSIFIED,18.314,13.965,5.952,6.063,10.168,71.163,34.434,15.03,21.014,16.37
AK-47 | Wasteland Rebel,0.05,0.7,VANGUARD,COVERT,201.818,41.913,21.637,25.397,21.75,1485.603,128.939,75.641,92.313,75.203
P2000 | Fire Elemental,0.0,0.6,VANGUARD,COVERT,28.025,10.539,8.222,12.477,8.409,154.75,73.254,51.265,63.0,47.282
Glock-18 | Catacombs,0.0,0.5,CHROMA,MIL_SPEC,0.391,0.283,0.187,0.2,0.656,1.304,0.673,0.498,1.04,1.447
M249 | System Lock,0.0,0.8,CHROMA,MIL_SPEC,0.53,0.259,0.15,0.212,0.139,2.001,0.608,0.391,0.849,0.31
MP9 | Deadly Poison,0.0,1.0,CHROMA,MIL_SPEC,1.76,0.553,0.276,0.189,0.187,5.713,1.134,0.627,0.402,0.432
SCAR-20 | Grotto,0.0,0.5,CHROMA,MIL_SPEC,0.365,0.311,0.187,0.182,0.233,1.186,0.7,0.401,0.477,0.384
XM1014 | Quicksilver,0.0,0.5,CHROMA,MIL_SPEC,0.383,0.292,0.172,0.185,0.198,1.297,0.839,0.374,0.935,0.383
Dual Berettas | Urban Shock,0.0,0.47,CHROMA,RESTRICTED,2.306,1.546,1.145,1.085,1.178,5.883,4.522,2.823,3.255,3.434
Desert Eagle | Naga,0.0,1.0,CHROMA,RESTRICTED,5.952,1.813,1.033,1.046,1.029,16.47,6.038,3.196,2.949,3.247
MAC-10 | Malachite,0.0,0.5,CHROMA,RESTRICTED,2.915,1.699,1.182,1.223,1.195,7.814,5.197,3.066,3.715,3.827
Sawed-Off | Serenity,0.0,0.5,CHROMA,RESTRICTED,2.735,1.626,1.082,1.261,1.402,6.623,4.205,3.083,3.775,6.898
AK-47 | Cartel,0.0,0.75,CHROMA,CLASSIFIED,20.41,11.992,8.905,11.801,8.983,70.619,37.63,28.247,37.697,28.253
M4A4 | 龍王 (Dragon King),0.0,0.75,CHROMA,CLASSIFIED,20.951,11.39,5.267,7.565,5.19,54.35,34.585,14.005,22.953,12.22
P250 | Muertos,0.0,0.6,CHROMA,CLASSIFIED,6.928,4.339,3.963,4.346,4.076,37.374,12.477,10.465,11.213,10.727
AWP | Man-o'-war,0.1,0.2,CHROMA,COVERT,0,34.608,34.298,0,0,0,74.385,71.738,0,0
Galil AR | Chatterbox,0.35,0.85,CHROMA,COVERT,0,0,57.231,11.063,6.433,0,0,0,64.255,26.372
AK-47 | Elite Build,0.0,1.0,CHROMA_2,MIL_SPEC,4.243,1.439,0.914,0.748,0.739,20.72,5.405,3.031,2.381,2.373
MP7 | Armor Core,0.0,0.5,CHROMA_2,MIL_SPEC,0.181,0.102,0.094,0.11,0.119,0.625,0.311,0.158,0.167,0.331
Desert Eagle | Bronze Deco,0.0,0.46,CHROMA_2,MIL_SPEC,0.337,0.216,0.122,0.15,0.46,1.365,0.893,0.491,0.652,3.606
P250 | Valence,0.0,0.8,CHROMA_2,MIL_SPEC,0.573,0.151,0.084,0.139,0.09,2.057,0.608,0.177,0.582,0.159
Negev | Man-o'-war,0.1,0.2,CHROMA_2,MIL_SPEC,0,0.084,0.088,0,0,0,0.355,0.229,0,0
Sawed-Off | Origami,0.0,0.55,CHROMA_2,MIL_SPEC,0.205,0.178,0.071,0.096,0.094,0.712,0.373,0.3,0.2,0.363
AWP | Worm God,0.0,0.45,CHROMA_2,RESTRICTED,1.947,1.243,1.129,1.242,0,5.321,3.795,3.264,4.18,0
MAG-7 | Heat,0.0,1.0,CHROMA_2,RESTRICTED,2.539,0.804,0.365,0.416,0.374,0,2.041,1.064,0.618,2.827
CZ75-Auto | Pole Position,0.0,0.7,CHROMA_2,RESTRICTED,2.432,0.868,0.346,0.491,0.384,4.13,2.056,0.747,0.797,0.557
UMP-45 | Grand Prix,0.25,0.35,CHROMA_2,RESTRICTED,0,0,0.331,0,0,0,0,0.545,0,0
Five-SeveN | Monkey Business,0.1,0.9,CHROMA_2,CLASSIFIED,0,10.531,1.785,1.528,1.343,0,26.951,4.592,3.434,3.283
Galil AR | Eco,0.1,0.85,CHROMA_2,CLASSIFIED,0,30.452,4.9,2.302,2.127,0,67.273,8.863,4.939,4.317
FAMAS | Djinn,0.0,1.0,CHROMA_2,CLASSIFIED,10.431,4.01,1.836,1.693,1.796,29.785,9.036,4.067,3.105,3.191
M4A1-S | Hyper Beast,0.0,1.0,CHROMA_2,COVERT,118.643,46.956,17.285,13.214,10.559,466.237,111.336,48.9,30.535,25.565
MAC-10 | Neon Rider,0.0,0.45,CHROMA_2,COVERT,9.184,5.42,5.36,5.452,0,34.637,21.96,13.123,15.172,0
Galil AR | Rocket Pop,0.0,1.0,FALCHION,MIL_SPEC,6.189,1.732,0.704,0.444,0.45,16.464,3.738,1.232,0.903,0.917
Glock-18 | Bunsen Burner,0.0,0.8,FALCHION,MIL_SPEC,1.161,0.359,0.247,0.617,0.186,5.372,1.344,0.535,2.411,0.568
Nova | Ranger,0.0,1.0,FALCHION,MIL_SPEC,0.507,0.184,0.187,0.158,0.15,2.127,0.602,0.251,0.147,0.132
P90 | Elite Build,0.0,1.0,FALCHION,MIL_SPEC,0.756,0.178,0.228,0.155,0.169,4.398,0.55,0.265,0.17,0.141
UMP-45 | Riot,0.0,0.7,FALCHION,MIL_SPEC,0.284,0.186,0.178,0.194,0.166,1.461,0.729,0.428,0.25,0.248
USP-S | Torque,0.0,0.46,FALCHION,MIL_SPEC,1.167,0.873,0.551,0.607,1.02,3.215,2.275,1.538,1.962,0
FAMAS | Neural Net,0.0,0.6,FALCHION,RESTRICTED,1.273,1.131,0.69,0.682,0.681,3.884,2.177,1.472,1.393,1.543
M4A4 | Evil Daimyo,0.0,0.52,FALCHION,RESTRICTED,3.889,2.096,1.449,1.566,1.481,11.609,6.58,3.364,4.038,5.391
MP9 | Ruby Poison Dart,0.0,0.5,FALCHION,RESTRICTED,1.535,0.88,0.708,0.719,0.724,4.832,2.753,2.022,2.039,2.155
Negev | Loudmouth,0.14,0.65,FALCHION,RESTRICTED,0,6.55,0.513,0.536,0.556,0,30.395,1.259,1.997,1.056
P2000 | Handgun,0.0,1.0,FALCHION,RESTRICTED,2.858,1.0,0.659,0.534,0.526,11.633,2.409,1.379,0.912,0.962
CZ75-Auto | Yellow Jacket,0.0,1.0,FALCHION,CLASSIFIED,10.936,7.332,4.116,2.747,2.637,36.384,13.928,9.054,7.037,6.967
MP7 | Nemesis,0.0,0.32,FALCHION,CLASSIFIED,9.828,5.919,5.371,0,0,24.588,14.128,10.381,0,0
SG 553 | Cyrex,0.0,1.0,FALCHION,CLASSIFIED,11.69,6.051,3.898,3.11,2.798,48.374,17.747,7.786,7.237,6.274
AK-47 | Aquamarine Revenge,0.0,1.0,FALCHION,COVERT,74.888,53.891,32.831,18.496,13.486,223.307,127.548,65.87,42.737,42.384
AWP | Hyper Beast,0.0,1.0,FALCHION,COVERT,70.87,45.985,24.501,21.168,17.947,217.196,114.193,48.999,43.716,43.58
Dual Berettas | Dualing Dragons,0.0,1.0,SHADOW,MIL_SPEC,1.369,0.295,0.185,0.103,0.113,6.018,0.796,0.449,0.301,0.332
FAMAS | Survivor Z,0.0,0.6,SHADOW,MIL_SPEC,0.417,0.298,0.166,0.219,0.144,1.534,0.758,0.353,0.764,0.41
Glock-18 | Wraiths,0.0,0.8,SHADOW,MIL_SPEC,0.793,0.27,0.156,0.297,0.124,3.756,0.976,0.341,2.395,0.39
MAC-10 | Rangeen,0.0,0.5,SHADOW,MIL_SPEC,0.392,0.307,0.154,0.175,0.176,1.713,0.674,0.416,0.407,0.553
MAG-7 | Cobalt Core,0.0,0.5,SHADOW,MIL_SPEC,0.458,0.329,0.141,0.144,0.156,1.397,0.897,0.312,0.311,0.314
SCAR-20 | Green Marine,0.0,0.8,SHADOW,MIL_SPEC,0.385,0.268,0.144,0.139,0.107,1.432,0.655,0.271,0.241,0.238
XM1014 | Scumbria,0.0,1.0,SHADOW,MIL_SPEC,0.591,0.295,0.263,0.11,0.108,2.152,0.629,0.28,0.216,0.197
Galil AR | Stone Cold,0.0,0.9,SHADOW,RESTRICTED,5.296,2.32,1.149,1.129,0.942,18.849,6.089,3.16,2.303,2.154
M249 | Nebula Crusader,0.0,1.0,SHADOW,RESTRICTED,4.066,2.036,1.094,0.939,0.869,10.471,4.71,2.694,2.935,3.196
MP7 | Special Delivery,0.0,0.62,SHADOW,RESTRICTED,3.411,2.466,1.212,2.439,0.836,7.881,4.348,4.242,6.34,3.383
P250 | Wingshot,0.0,0.9,SHADOW,RESTRICTED,3.714,2.336,1.109,1.088,1.068,7.93,4.81,2.158,2.113,2.129
AK-47 | Frontside Misty,0.02,0.87,SHADOW,CLASSIFIED,57.904,20.839,10.581,9.949,6.999,116.248,48.792,24.265,21.549,21.361
G3SG1 | Flux,0.0,0.9,SHADOW,CLASSIFIED,18.082,11.816,6.295,6.888,5.47,55.797,0,14.95,14.95,11.729
SSG 08 | Big Iron,0.0,0.64,SHADOW,CLASSIFIED,18.071,9.932,7.187,6.141,5.593,60.414,33.525,20.907,20.962,18.436
M4A1-S | Golden Coil,0.0,1.0,SHADOW,COVERT,129.612,68.394,56.06,44.818,34.2,559.671,163.043,116.792,83.39,63.383
USP-S | Kill Confirmed,0.0,1.0,SHADOW,COVERT,127.764,59.89,39.927,35.924,33.937,485.858,242.608,125.633,79.613,80.726
R8 Revolver | Crimson Web,0.06,0.8,REVOLVER,MIL_SPEC,3.833,0.33,0.075,0.13,0.103,17.634,1.463,0.304,0.31,0.254
AUG | Ricochet,0.0,0.8,REVOLVER,MIL_SPEC,0.442,0.21,0.092,0.177,0.085,2.269,0.789,0.243,1.568,0.135
Desert Eagle | Corinthian,0.0,0.44,REVOLVER,MIL_SPEC,0.533,0.289,0.177,0.404,0,2.752,1.787,1.439,3.613,0
P2000 | Imperial,0.0,0.2,REVOLVER,MIL_SPEC,0.35,0.213,0.33,0,0,1.217,0.773,0.589,0,0
Sawed-Off | Yorick,0.0,1.0,REVOLVER,MIL_SPEC,0.384,0.166,0.082,0.064,0.065,1.973,0.809,0.231,0.15,0.126
PP-Bizon | Fuel Rod,0.0,1.0,REVOLVER,RESTRICTED,2.031,1.153,0.59,0.554,0.456,7.316,2.745,1.664,1.139,1.072
Five-SeveN | Retrobution,0.0,1.0,REVOLVER,RESTRICTED,2.093,1.188,0.618,0.452,0.429,5.636,3.534,1.434,1.057,1.14
Negev | Power Loader,0.0,1.0,REVOLVER,RESTRICTED,5.526,2.471,1.069,0.718,0.642,26.673,10.998,3.883,2.849,1.495
SG 553 | Tiger Moth,0.0,1.0,REVOLVER,RESTRICTED,1.823,1.144,1.198,0,1.388,6.092,2.694,1.279,1.264,1.243
Tec-9 | Avalanche,0.0,1.0,REVOLVER,RESTRICTED,4.07,1.996,1.148,0.698,0.612,11.479,6.657,2.551,1.962,1.887
XM1014 | Teclu Burner,0.0,0.65,REVOLVER,RESTRICTED,1.832,1.084,0.578,0.821,0.634,5.395,2.626,1.431,2.786,2.37
AK-47 | Point Disarray,0.0,0.67,REVOLVER,CLASSIFIED,25.28,12.489,7.338,9.303,5.519,73.48,50.436,18.317,19.808,17.586
G3SG1 | The Executioner,0.14,0.85,REVOLVER,CLASSIFIED,0,10.437,1.086,1.094,1.025,0,48.96,2.639,2.581,2.615
P90 | Shapewood,0.0,1.0,REVOLVER,CLASSIFIED,0,2.995,1.181,1.188,1.124,25.643,8.485,3.113,2.648,2.766
M4A4 | Royal Paladin,0.0,0.8,REVOLVER,COVERT,79.419,18.077,4.735,6.2,4.691,272.454,58.817,18.215,22.389,18.218
R8 Revolver | Fade,0.0,0.4,REVOLVER,COVERT,12.57,6.531,4.722,6.326,0,57.409,36.052,25.647,31.932,0
PP-Bizon | Photic Zone,0.0,1.0,OPERATION_WILDFIRE,MIL_SPEC,1.357,0.534,0.65,0.523,0.621,4.037,1.038,0.627,0.412,0.399
Dual Berettas | Cartel,0.0,1.0,OPERATION_WILDFIRE,MIL_SPEC,1.381,0.547,0.607,0.47,0.527,4.03,1.058,0.477,0.397,0.4
MAC-10 | Lapis Gator,0.0,0.5,OPERATION_WILDFIRE,MIL_SPEC,0.633,0.641,0.633,0.57,0.677,1.806,1.201,0.556,0.767,0.48
SSG 08 | Necropos,0.0,1.0,OPERATION_WILDFIRE,MIL_SPEC,1.103,0.79,0.701,0.687,0.654,4.56,0.8,0.484,0.457,0.452
Tec-9 | Jambiya,0.0,1.0,OPERATION_WILDFIRE,MIL_SPEC,0.955,0.582,0.655,0.544,0.459,0,0.82,0.602,0.635,0.671
USP-S | Lead Conduit,0.0,1.0,OPERATION_WILDFIRE,MIL_SPEC,3.231,0.981,0.776,0.599,0.539,18.669,3.382,2.119,1.811,1.896
FAMAS | Valence,0.0,0.8,OPERATION_WILDFIRE,RESTRICTED,4.369,2.496,1.689,1.75,1.643,12.395,5.592,3.79,4.492,3.829
Five-SeveN | Triumvirate,0.0,0.61,OPERATION_WILDFIRE,RESTRICTED,3.306,2.505,1.671,2.406,1.657,7.275,5.954,3.271,3.764,3.095
Glock-18 | Royal Legion,0.0,1.0,OPERATION_WILDFIRE,RESTRICTED,5.522,2.576,1.681,1.493,1.541,24.505,6.613,3.72,3.728,3.065
MAG-7 | Praetorian,0.0,0.45,OPERATION_WILDFIRE,RESTRICTED,3.237,2.439,1.776,2.195,0,7.487,4.427,3.438,3.615,0
MP7 | Impire,0.0,0.4,OPERATION_WILDFIRE,RESTRICTED,3.711,2.492,2.215,2.248,0,7.61,5.446,3.348,6.759,0
AWP | Elite Build,0.0,1.0,OPERATION_WILDFIRE,CLASSIFIED,31.236,17.57,12.717,15.144,12.435,61.753,31.801,19.914,17.172,16.85
Desert Eagle | Kumicho Dragon,0.0,0.76,OPERATION_WILDFIRE,CLASSIFIED,28.932,18.642,13.38,12.957,11.08,73.905,40.925,25.681,36.423,24.865
Nova | Hyper Beast,0.0,0.6,OPERATION_WILDFIRE,CLASSIFIED,32.278,19.837,11.471,11.779,10.709,53.558,35.505,21.588,21.486,21.399
M4A4 | The Battlestar,0.0,0.64,OPERATION_WILDFIRE,COVERT,8.893,4.689,3.435,5.793,3.464,43.915,21.85,12.841,0,15.372
AK-47 | Fuel Injector,0.0,1.0,OPERATION_WILDFIRE,COVERT,367.82,201.17,131.205,98.768,88.135,698.71,0,296.039,298.98,0
Dual Berettas | Ventilators,0.0,0.45,CHROMA_3,MIL_SPEC,0.178,0.087,0.074,0.105,0,0.72,0.346,0.131,0.298,0
G3SG1 | Orange Crash,0.0,0.52,CHROMA_3,MIL_SPEC,0.197,0.113,0.076,0.105,0.11,0.803,0.344,0.138,0.13,0.128
M249 | Spectre,0.0,0.5,CHROMA_3,MIL_SPEC,0.197,0.129,0.075,0.104,0.1,0.72,0.395,0.112,0.136,0.09
MP9 | Bioleak,0.0,0.5,CHROMA_3,MIL_SPEC,0.18,8.41,0.075,0.085,0.099,0.922,0.588,0.215,0.591,0.26
P2000 | Oceanic,0.0,0.6,CHROMA_3,MIL_SPEC,0.22,0.14,0.084,0.1,0.091,0.907,0.412,0.155,0.132,0.151
SG 553 | Atlas,0.0,0.81,CHROMA_3,MIL_SPEC,0.213,0.11,0.065,0.12,0.199,0.796,0.645,0.136,0.126,0.121
Sawed-Off | Fubar,0.4,1.0,CHROMA_3,MIL_SPEC,0,0,0,0.138,0.047,0,0,0,0.186,0.083
Galil AR | Firefight,0.0,1.0,CHROMA_3,RESTRICTED,1.943,0.567,0.308,0.286,0.289,8.596,2.249,0.747,0.524,0.601
CZ75-Auto | Red Astor,0.0,1.0,CHROMA_3,RESTRICTED,1.211,0.583,0.308,0.271,0.29,3.74,1.111,0.587,0.513,0.597
XM1014 | Black Tie,0.0,0.75,CHROMA_3,RESTRICTED,1.944,0.783,0.268,0.304,0.242,7.858,2.594,0.74,1.009,0.451
SSG 08 | Ghost Crusader,0.0,1.0,CHROMA_3,RESTRICTED,3.081,1.112,0.449,0.3,0.29,18.033,3.993,1.594,1.097,1.083
Tec-9 | Re-Entry,0.0,0.43,CHROMA_3,RESTRICTED,1.27,0.51,0.402,0.39,0,3.584,1.139,0.74,0.838,0
UMP-45 | Primal Saber,0.0,0.77,CHROMA_3,CLASSIFIED,7.22,4.133,1.812,1.891,1.33,20.513,7.421,3.682,3.822,3.581
P250 | Asiimov,0.1,1.0,CHROMA_3,CLASSIFIED,0,14.873,2.34,2.205,1.352,0,43.062,7.651,6.078,3.598
AUG | Fleet Flock,0.0,1.0,CHROMA_3,CLASSIFIED,8.671,3.607,1.853,1.737,1.697,24.947,7.477,3.231,3.097,3.176
M4A1-S | Chantico's Fire,0.0,0.99,CHROMA_3,COVERT,96.243,52.535,21.421,13.975,13.512,265.551,87.584,58.833,35.931,33.783
PP-Bizon | Judgement of Anubis,0.0,0.5,CHROMA_3,COVERT,6.477,4.887,3.661,3.494,3.269,39.878,23.254,10.734,10.839,11.13
Five-SeveN | Violent Daimyo,0.0,0.7,GAMMA,MIL_SPEC,0.458,0.181,0.171,0.15,0.139,2.007,0.737,0.337,1.225,0.225
MAC-10 | Carnivore,0.0,1.0,GAMMA,MIL_SPEC,0.38,0.146,0.14,0.129,0.13,1.832,0.379,0.168,0.131,0.158
Nova | Exo,0.0,0.5,GAMMA,MIL_SPEC,0.233,0.113,0.113,0.139,0.178,0.852,0.378,0.159,0.214,0.219
P250 | Iron Clad,0.05,0.8,GAMMA,MIL_SPEC,0.46,0.136,0.16,0.105,0.108,2.32,0.41,0.141,0.187,0.137
PP-Bizon | Harvester,0.0,1.0,GAMMA,MIL_SPEC,0.408,0.13,0.159,0.103,0.113,1.896,0.365,0.165,0.153,0.179
SG 553 | Aerial,0.0,0.6,GAMMA,MIL_SPEC,0.231,0.131,0.178,0.126,0.125,0.856,0.373,0.149,0.344,0.14
Tec-9 | Ice Cap,0.0,0.5,GAMMA,MIL_SPEC,0.407,0.197,0.149,0.109,0.241,1.52,0.623,0.258,0.277,0.27
AUG | Aristocrat,0.0,0.66,GAMMA,RESTRICTED,1.767,0.783,0.43,0.483,0.43,6.274,2.231,1.047,2.374,1.237
AWP | Phobos,0.0,0.4,GAMMA,RESTRICTED,1.466,0.838,0.734,2.201,0,5.195,2.766,2.504,9.054,0
P90 | Chopper,0.0,0.6,GAMMA,RESTRICTED,1.757,0.741,0.512,0.506,0.393,4.78,2.047,1.306,1.43,1.299
R8 Revolver | Reboot,0.0,1.0,GAMMA,RESTRICTED,3.136,1.056,0.509,0.48,0.459,10.98,3.268,1.515,0.931,0.751
Sawed-Off | Limelight,0.0,1.0,GAMMA,RESTRICTED,1.757,0.927,0.478,0.343,0.328,5.39,2.665,0.975,0.719,0.729
M4A4 | Desolate Space,0.0,1.0,GAMMA,CLASSIFIED,17.743,7.203,4.742,3.638,3.556,60.589,23.424,11.126,11.143,11.07
P2000 | Imperial Dragon,0.0,0.63,GAMMA,CLASSIFIED,6.364,4.069,2.611,2.645,2.476,18.958,8.045,3.921,5.263,6.969
SCAR-20 | Bloodsport,0.0,0.45,GAMMA,CLASSIFIED,6.928,4.538,2.741,2.596,0,15.036,7.976,4.296,3.579,0
Glock-18 | Wasteland Rebel,0.0,0.54,GAMMA,COVERT,4.868,2.952,2.654,3.44,2.887,27.945,14.723,10.63,15.272,12.614
M4A1-S | Mecha Industries,0.0,0.8,GAMMA,COVERT,68.932,50.122,23.727,24.375,16.071,152.675,80.34,47.949,52.679,44.382
XM1014 | Slipstream,0.0,0.5,GAMMA_2,MIL_SPEC,0.229,0.122,0.075,8.485,0.102,1.178,0.504,0.177,0.215,0.2
UMP-45 | Briefing,0.0,1.0,GAMMA_2,MIL_SPEC,0.297,0.076,0.075,0.11,0.169,0.992,0.269,0.122,0.121,0.103
P90 | Grim,0.0,0.8,GAMMA_2,MIL_SPEC,0.43,0.094,0.078,0.131,0.082,1.75,0.398,0.13,0.598,0.115
Negev | Dazzle,0.1,0.65,GAMMA_2,MIL_SPEC,0,0.57,0.075,0.086,0.114,0,2.186,0.177,0.555,0.162
G3SG1 | Ventilator,0.0,0.45,GAMMA_2,MIL_SPEC,0.154,0.085,0.066,0.078,0,0.645,0.247,0.111,0.122,0
Five-SeveN | Scumbria,0.0,1.0,GAMMA_2,MIL_SPEC,0.231,0.102,0.103,0.113,0.177,1.882,0.243,0.112,0.098,0.115
CZ75-Auto | Imprint,0.0,1.0,GAMMA_2,MIL_SPEC,0.413,0.086,0.085,0.075,0.074,2.762,0.29,0.124,0.1,0.165
SG 553 | Triarch,0.0,1.0,GAMMA_2,RESTRICTED,1.206,0.621,0.283,0.233,0.266,4.442,1.06,0.698,0.422,0.43
SCAR-20 | Powercore,0.0,1.0,GAMMA_2,RESTRICTED,1.503,0.499,0.289,0.353,0.247,4.442,1.682,0.444,0.438,0.414
MAG-7 | Petroglyph,0.0,0.44,GAMMA_2,RESTRICTED,1.27,0.483,0.327,0.419,0,3.089,1.196,0.447,0.51,0
Glock-18 | Weasel,0.0,1.0,GAMMA_2,RESTRICTED,1.841,0.524,0.319,0.269,0.26,8.417,1.737,0.672,0.505,0.486
Desert Eagle | Directive,0.06,1.0,GAMMA_2,RESTRICTED,9.722,1.317,0.328,0.313,0.26,47.413,5.446,1.322,1.193,1.076
Tec-9 | Fuel Injector,0.0,1.0,GAMMA_2,CLASSIFIED,16.071,4.435,2.616,1.658,1.598,44.372,14.973,5.737,3.584,3.319
MP9 | Airlock,0.0,1.0,GAMMA_2,CLASSIFIED,8.922,3.867,1.548,1.459,1.15,27.853,9.316,3.538,2.941,2.733
AUG | Syd Mead,0.0,0.8,GAMMA_2,CLASSIFIED,6.225,3.195,1.51,2.42,1.262,17.84,6.065,3.215,3.345,3.103
AK-47 | Neon Revolution,0.0,0.8,GAMMA_2,COVERT,58.892,30.676,12.614,18.466,10.723,130.808,53.414,31.3,43.906,31.301
FAMAS | Roll Cage,0.0,1.0,GAMMA_2,COVERT,13.538,3.375,1.785,1.446,1.336,63.245,12.133,5.358,3.397,3.311
P2000 | Turf,0.0,1.0,GLOVE,MIL_SPEC,0.664,0.145,0.115,0.093,0.111,4.067,0.496,0.178,0.169,0.147
MAG-7 | Sonar,0.0,0.45,GLOVE,MIL_SPEC,0.177,0.144,0.094,0.158,0,1.092,0.373,0.197,0.185,0
MP9 | Sand Scale,0.0,0.45,GLOVE,MIL_SPEC,0.185,0.181,0.111,0.097,0,0.935,0.373,0.244,0.37,0
Galil AR | Black Sand,0.0,1.0,GLOVE,MIL_SPEC,0.491,0.2,0.094,0.074,0.127,2.458,0.431,0.215,0.148,0.264
MP7 | Cirrus,0.0,0.75,GLOVE,MIL_SPEC,0.409,0.147,0.107,0.144,0.141,1.663,0.533,0.197,0.768,0.215
Glock-18 | Ironwork,0.0,1.0,GLOVE,MIL_SPEC,1.005,0.137,0.124,0.084,0.095,5.886,0.813,0.258,0.188,0.198
CZ75-Auto | Polymer,0.0,0.5,GLOVE,MIL_SPEC,0.197,0.119,0.131,0.116,0.108,1.063,0.43,0.206,0.217,0.198
USP-S | Cyrex,0.0,0.55,GLOVE,RESTRICTED,2.216,1.265,0.674,1.449,0.7,8.774,4.581,2.66,3.756,3.463
Nova | Gila,0.0,0.3,GLOVE,RESTRICTED,0.97,0.441,0.33,0,0,2.405,1.101,1.049,0,0
M4A1-S | Flashback,0.0,1.0,GLOVE,RESTRICTED,2.315,0.564,0.29,0.276,0.28,10.431,3.829,1.766,1.767,1.771
G3SG1 | Stinger,0.0,0.7,GLOVE,RESTRICTED,1.08,0.524,0.328,0.335,0.313,3.498,1.562,0.667,0.684,0.657
Dual Berettas | Royal Consorts,0.0,1.0,GLOVE,RESTRICTED,2.555,0.619,0.374,0.372,0.371,7.732,2.136,0.619,0.53,0.64
Sawed-Off | Wasteland Princess,0.0,0.7,GLOVE,CLASSIFIED,5.887,3.893,1.553,1.591,1.489,14.139,5.939,4.676,3.952,3.654
P90 | Shallow Grave,0.0,0.75,GLOVE,CLASSIFIED,5.333,2.925,1.27,1.322,1.072,21.378,6.187,2.785,4.487,2.673
FAMAS | Mecha Industries,0.0,0.5,GLOVE,CLASSIFIED,5.689,4.114,2.313,2.36,2.32,17.047,7.72,5.402,5.507,5.502
M4A4 | Buzz Kill,0.0,0.7,GLOVE,COVERT,23.956,11.162,7.485,7.227,5.489,66.793,32.64,18.443,19.009,17.168
SSG 08 | Dragonfire,0.0,0.5,GLOVE,COVERT,16.63,13.414,9.344,9.952,10.03,67.971,40.817,27.719,32.93,27.35
PP-Bizon | Jungle Slipstream,0.0,0.5,SPECTRUM,MIL_SPEC,0.336,0.207,0.155,0.149,0.186,0.867,0.44,0.268,0.269,0.245
SCAR-20 | Blueprint,0.0,0.75,SPECTRUM,MIL_SPEC,0.486,0.234,0.177,0.27,0.146,0.882,0.47,0.241,0.281,0.234
Desert Eagle | Oxide Blaze,0.0,0.5,SPECTRUM,MIL_SPEC,0.433,0.299,0.244,0.21,0.23,1.632,1.262,1.153,1.261,2.057
Five-SeveN | Capillary,0.0,0.7,SPECTRUM,MIL_SPEC,0.44,0.247,0.171,0.17,0.15,0.787,0.457,0.271,0.481,0.309
MP7 | Akoben,0.0,0.7,SPECTRUM,MIL_SPEC,0.331,0.216,0.159,0.225,0.141,0.885,0.537,0.264,0.281,0.205
P250 | Ripple,0.0,0.5,SPECTRUM,MIL_SPEC,0.281,0.196,0.185,0.194,0.186,0.829,0.43,0.301,0.308,0.31
Sawed-Off | Zander,0.05,1.0,SPECTRUM,MIL_SPEC,0.736,0.226,0.161,0.159,0.15,2.775,0.587,0.25,0.214,0.226
Galil AR | Crimson Tsunami,0.0,0.55,SPECTRUM,RESTRICTED,3.204,1.782,1.112,1.262,1.119,9.055,6.982,7.995,8.877,0
M249 | Emerald Poison Dart,0.0,0.45,SPECTRUM,RESTRICTED,2.483,1.398,1.076,1.393,0,6.765,3.041,2.294,4.265,0
MAC-10 | Last Dive,0.0,0.52,SPECTRUM,RESTRICTED,2.904,1.451,1.091,1.724,1.128,5.123,3.047,2.546,2.944,2.897
UMP-45 | Scaffold,0.0,1.0,SPECTRUM,RESTRICTED,2.655,1.547,1.378,1.338,1.327,5.783,3.644,2.409,2.437,2.052
XM1014 | Seasons,0.0,0.5,SPECTRUM,RESTRICTED,2.436,1.478,1.25,1.126,1.261,4.721,2.652,2.318,2.265,2.376
AWP | Fever Dream,0.0,0.55,SPECTRUM,CLASSIFIED,10.366,8.834,6.838,6.82,6.64,33.938,21.278,20.942,19.257,19.296
CZ75-Auto | Xiangliu,0.0,0.56,SPECTRUM,CLASSIFIED,10.282,8.774,7.976,7.898,7.394,27.096,18.652,18.799,0,14.474
M4A1-S | Decimator,0.0,0.85,SPECTRUM,CLASSIFIED,31.256,14.35,8.628,11.867,7.278,71.859,36.359,22.061,27.648,21.986
AK-47 | Bloodsport,0.0,0.45,SPECTRUM,COVERT,115.058,91.471,83.346,83.02,0,256.01,207.424,164.696,160.694,0
USP-S | Neo-Noir,0.0,0.7,SPECTRUM,COVERT,29.44,16.997,11.96,12.363,10.73,90.164,46.56,25.759,41.365,25.645
USP-S | Blueprint,0.0,0.86,OPERATION_HYDRA,MIL_SPEC,29.681,6.988,3.102,4.406,2.689,120.53,22.094,7.487,10.608,5.396
FAMAS | Macabre,0.0,0.6,OPERATION_HYDRA,MIL_SPEC,2.927,2.403,1.987,3.715,2.16,7.445,4.738,3.7,4.213,3.692
M4A1-S | Briefing,0.0,0.8,OPERATION_HYDRA,MIL_SPEC,9.81,4.125,3.259,4.179,3.255,32.621,11.315,6.244,9.782,6.108
MAC-10 | Aloha,0.0,0.65,OPERATION_HYDRA,MIL_SPEC,4.155,3.289,2.561,3.494,2.149,5.649,5.087,4.478,4.652,6.834
MAG-7 | Hard Water,0.0,0.45,OPERATION_HYDRA,MIL_SPEC,4.167,4.081,0,5.607,0,5.79,4.906,3.304,3.873,0
Tec-9 | Cut Out,0.0,1.0,OPERATION_HYDRA,MIL_SPEC,7.475,3.02,2.527,2.299,2.541,21.2,4.981,3.793,4.373,3.793
UMP-45 | Metal Flowers,0.0,0.7,OPERATION_HYDRA,MIL_SPEC,3.678,2.935,2.71,2.795,2.078,5.71,5.08,4.936,4.35,4.204
AK-47 | Orbit Mk01,0.0,0.55,OPERATION_HYDRA,RESTRICTED,19.954,12.953,10.416,12.278,10.981,52.157,40.506,27.082,42.911,32.762
P2000 | Woodsman,0.0,0.8,OPERATION_HYDRA,RESTRICTED,10.156,6.923,5.838,5.643,5.373,24.954,14.863,10.911,22.233,8.225
P250 | Red Rock,0.0,1.0,OPERATION_HYDRA,RESTRICTED,10.465,7.728,6.663,6.756,6.659,17.862,16.011,14.973,10.93,8.974
P90 | Death Grip,0.0,1.0,OPERATION_HYDRA,RESTRICTED,10.103,6.409,6.073,5.467,4.714,29.787,15.715,13.376,9.952,10.679
SSG 08 | Death's Head,0.0,0.51,OPERATION_HYDRA,RESTRICTED,8.858,5.917,5.552,5.985,5.7,16.779,14.474,14.595,13.665,14.455
Dual Berettas | Cobra Strike,0.0,0.6,OPERATION_HYDRA,CLASSIFIED,56.077,36.817,34.512,34.425,34.702,129.661,96.798,62.301,64.124,66.328
Galil AR | Sugar Rush,0.0,0.55,OPERATION_HYDRA,CLASSIFIED,61.564,41.761,35.934,34.515,35.235,139.584,111.245,70.076,81.34,76.121
M4A4 | Hellfire,0.0,0.5,OPERATION_HYDRA,CLASSIFIED,52.494,46.914,46.315,46.717,46.405,123.348,98.106,60.733,63.673,76.616
Five-SeveN | Hyper Beast,0.0,1.0,OPERATION_HYDRA,COVERT,123.584,40.041,23.372,21.579,20.592,0,154.167,89.256,65.301,56.895
AWP | Oni Taiji,0.0,0.5,OPERATION_HYDRA,COVERT,452.99,310.202,241.022,194.343,171.844,839.972,665.25,387.0,0,373.55
MAC-10 | Oceanic,0.0,0.6,SPECTRUM_2,MIL_SPEC,0.249,0.13,0.066,0.07,0.081,0.739,0.262,0.111,0.187,0.14
Sawed-Off | Morris,0.0,1.0,SPECTRUM_2,MIL_SPEC,0.187,0.085,0.057,0.055,0.044,0.905,0.231,0.2,0.106,0.112
SCAR-20 | Jungle Slipstream,0.0,0.5,SPECTRUM_2,MIL_SPEC,0.14,0.113,0.081,0.126,0.12,0.508,0.221,0.18,0.133,0.187
Five-SeveN | Capillary,0.0,0.7,SPECTRUM_2,MIL_SPEC,0.44,0.247,0.171,0.17,0.15,0.787,0.457,0.271,0.481,0.309
AUG | Triqua,0.0,1.0,SPECTRUM_2,MIL_SPEC,0.3,0.09,0.07,0.06,0.057,2.103,0.29,0.126,0.095,0.12
G3SG1 | Hunter,0.0,1.0,SPECTRUM_2,MIL_SPEC,0.209,0.148,0.066,0.037,0.056,1.094,0.215,0.112,0.121,0.104
Tec-9 | Cracked Opal,0.0,1.0,SPECTRUM_2,MIL_SPEC,0.368,0.1,0.055,0.169,0.2,1.873,0.302,0.165,0.086,0.103
Glock-18 | Off World,0.0,1.0,SPECTRUM_2,MIL_SPEC,0.493,0.122,0.074,0.074,0.075,3.458,0.455,0.206,0.206,0.206
MP9 | Goo,0.0,0.6,SPECTRUM_2,RESTRICTED,1.143,0.939,0.34,0.406,0.342,3.109,1.462,0.821,0.944,0.804
SG 553 | Phantom,0.0,0.6,SPECTRUM_2,RESTRICTED,1.075,0.66,0.303,0.354,0.334,3.126,1.217,0.79,0.854,0.829
XM1014 | Ziggy,0.0,0.72,SPECTRUM_2,RESTRICTED,1.142,0.617,0.29,0.362,0.295,2.752,1.274,0.615,0.803,0.634
UMP-45 | Exposure,0.0,0.55,SPECTRUM_2,RESTRICTED,1.215,0.519,0.328,0.307,0.383,2.989,1.249,0.716,0.899,0.564
CZ75-Auto | Tacticat,0.0,0.7,SPECTRUM_2,RESTRICTED,1.577,0.603,0.402,0.387,0.402,3.104,1.403,0.771,0.893,0.729
PP-Bizon | High Roller,0.0,1.0,SPECTRUM_2,CLASSIFIED,12.577,4.166,2.257,1.868,1.459,26.629,8.197,4.953,4.142,3.309
R8 Revolver | Llama Cannon,0.03,0.7,SPECTRUM_2,CLASSIFIED,9.932,4.237,2.088,2.743,1.788,30.39,9.273,5.036,4.971,4.201
M4A1-S | Leaded Glass,0.0,0.7,SPECTRUM_2,CLASSIFIED,10.01,5.495,3.534,3.694,3.584,24.606,12.581,7.686,9.849,7.744
AK-47 | The Empress,0.0,1.0,SPECTRUM_2,COVERT,110.716,55.939,30.108,23.257,21.86,307.074,111.401,67.273,58.771,55.504
P250 | See Ya Later,0.0,0.7,SPECTRUM_2,COVERT,7.543,3.654,2.676,2.977,2.695,43.587,14.003,5.565,12.652,5.555
SG 553 | Aloha,0.0,0.55,CLUTCH,MIL_SPEC,0.15,0.079,0.047,0.051,0.085,0.523,0.226,0.121,0.11,0.108
MP9 | Black Sand,0.0,1.0,CLUTCH,MIL_SPEC,0.159,0.075,0.071,0.074,0.119,0.803,0.173,0.074,0.075,0.075
XM1014 | Oxide Blaze,0.0,0.7,CLUTCH,MIL_SPEC,0.135,0.065,0.075,0.076,0.057,0.496,0.182,0.093,0.13,0.111
P2000 | Urban Hazard,0.0,1.0,CLUTCH,MIL_SPEC,0.213,0.075,0.047,0.048,0.066,0.897,0.205,0.109,0.104,0.115
R8 Revolver | Grip,0.0,1.0,CLUTCH,MIL_SPEC,0.259,0.111,0.08,0.103,0.094,0.839,0.182,0.089,0.113,0.114
Five-SeveN | Flame Test,0.0,0.65,CLUTCH,MIL_SPEC,0.16,0.109,0.063,0.099,0.059,0.544,0.215,0.111,0.147,0.1
PP-Bizon | Night Riot,0.0,0.8,CLUTCH,MIL_SPEC,0.155,0.074,0.12,0.1,0.121,0.701,0.186,0.074,0.119,0.173
Nova | Wild Six,0.0,0.8,CLUTCH,RESTRICTED,1.009,0.439,0.214,0.318,0.28,2.835,0.991,0.35,0.444,0.364
Negev | Lionfish,0.0,0.55,CLUTCH,RESTRICTED,0.888,0.411,0.264,0.202,0.206,2.645,1.494,1.494,1.547,1.687
MAG-7 | SWAG-7,0.0,0.92,CLUTCH,RESTRICTED,1.058,0.474,0.281,0.29,0.299,3.623,0.936,0.342,0.356,0.699
UMP-45 | Arctic Wolf,0.0,0.8,CLUTCH,RESTRICTED,1.032,0.49,0.269,0.27,0.206,2.895,1.12,0.342,0.457,0.328
Glock-18 | Moonrise,0.0,0.65,CLUTCH,RESTRICTED,1.264,0.647,0.311,0.341,0.314,4.359,1.558,0.652,1.196,0.594
USP-S | Cortex,0.0,1.0,CLUTCH,CLASSIFIED,9.2,3.159,1.598,1.545,1.537,24.846,8.091,4.033,3.893,3.86
AUG | Stymphalian,0.0,0.63,CLUTCH,CLASSIFIED,5.88,2.241,1.049,1.102,0.999,12.175,4.462,1.943,1.89,1.894
AWP | Mortis,0.0,0.64,CLUTCH,CLASSIFIED,5.852,2.526,1.258,1.887,1.208,12.986,5.336,3.366,5.394,4.392
MP7 | Bloodsport,0.0,0.65,CLUTCH,COVERT,3.034,1.548,1.009,1.327,0.989,26.161,6.41,3.155,5.321,3.219
M4A4 | Neo-Noir,0.0,0.9,CLUTCH,COVERT,25.95,9.732,5.212,4.34,3.632,77.781,29.671,12.295,9.683,8.671
AK-47 | Neon Rider,0.0,0.8,HORIZON,COVERT,116.863,62.217,40.376,36.922,21.397,293.004,177.033,61.239,61.825,54.737
Desert Eagle | Code Red,0.0,1.0,HORIZON,COVERT,60.197,27.582,16.969,14.744,13.335,150.287,66.103,41.112,34.307,33.854
M4A1-S | Nightmare,0.0,1.0,HORIZON,CLASSIFIED,44.498,14.753,6.968,5.69,5.466,77.374,45.709,19.872,13.228,10.98
Sawed-Off | Devourer,0.0,0.8,HORIZON,CLASSIFIED,10.022,5.907,4.044,4.204,3.071,23.303,12.004,5.595,12.776,5.279
FAMAS | Eye of Athena,0.0,0.7,HORIZON,CLASSIFIED,10.756,6.235,4.399,4.016,2.926,28.124,13.435,6.108,9.706,5.498
AWP | PAW,0.0,0.5,HORIZON,RESTRICTED,3.032,1.887,1.043,1.071,1.187,11.382,5.195,3.199,4.476,4.141
CZ75-Auto | Eco,0.0,1.0,HORIZON,RESTRICTED,3.028,1.483,0.645,0.591,0.565,6.877,3.195,1.116,0.953,0.864
MP7 | Powercore,0.0,0.8,HORIZON,RESTRICTED,2.57,1.245,0.644,0.591,0.615,6.009,2.914,1.11,2.251,1.066
G3SG1 | High Seas,0.0,0.7,HORIZON,RESTRICTED,2.294,1.196,0.574,0.638,0.565,6.429,2.666,1.08,1.189,0.935
Nova | Toy Soldier,0.0,1.0,HORIZON,RESTRICTED,2.793,1.234,0.699,0.497,0.509,7.041,2.859,1.51,1.083,1.305
Glock-18 | Warhawk,0.0,1.0,HORIZON,MIL_SPEC,0.554,0.249,0.15,0.145,0.149,3.095,0.471,0.214,0.205,0.206
P90 | Traction,0.0,1.0,HORIZON,MIL_SPEC,0.862,0.214,0.158,0.116,0.127,3.873,0.578,0.258,0.178,0.163
Tec-9 | Snek-9,0.0,1.0,HORIZON,MIL_SPEC,0.64,0.184,0.139,0.122,0.123,3.893,0.686,0.261,0.239,0.245
AUG | Amber Slipstream,0.0,0.55,HORIZON,MIL_SPEC,0.29,0.195,0.146,0.159,0.157,1.086,0.503,0.208,0.346,0.197
MP9 | Capillary,0.0,0.7,HORIZON,MIL_SPEC,0.466,0.234,0.15,0.204,0.139,2.009,0.729,0.275,0.668,0.211
R8 Revolver | Survivalist,0.0,0.7,HORIZON,MIL_SPEC,0.393,0.178,0.135,0.916,0.104,1.053,0.52,0.2,0.256,0.177
Dual Berettas | Shred,0.0,0.5,HORIZON,MIL_SPEC,0.315,0.213,0.149,0.111,0.107,1.072,0.509,0.205,0.233,0.268
SG 553 | Integrale,0.0,1.0,INFERNO_2018,CLASSIFIED,79.461,24.522,9.901,4.692,3.634,0,0,0,0,0
Dual Berettas | Twin Turbo,0.0,1.0,INFERNO_2018,CLASSIFIED,4.692,3.214,1.527,1.138,0.702,0,0,0,0,0